title,timestamp,author,body,url
"Fantasy Football Buzz: Don't be fooled by Chubb's box score; how backups affect Jets, Vikings, Commanders","Sep 16, 2025, 06:22 AM ET",ESPN Fantasy Staff,"ESPN FantasySep 16, 2025, 06:22 AM ETEverything that happens in the NFL has some additional context when viewed from a fantasy football perspective. From position battles to injuries and so much more, the news cycle will constantly affect player values in fantasy football.Our fantasy football buzz file, with contributions from our ESPN fantasy writers and our NFL Nation reporters, aims to provide fantasy managers with the intel they need as news breaks around the NFL.Key links:  Fantasy depth charts | Cheat Sheet Central
Rankings | Projections | Join a fantasy league todaySept. 16: Don't be fooled by Nick Chubb's box scoreNick Chubb finished with 14 touches and 15.2 fantasy points against the Tampa Bay Buccaneers. He led the Texans' backfield in snaps, touches, and fantasy points. However, Chubb averaged just 3.7 yards per carry, and that includes his 25-yard touchdown run late in the game.A notable development was Woody Marks leapfrogging Dameon Pierce, a healthy inactive, to become the clear backup to Chubb. Marks had only three rushing attempts but averaged 4.7 yards per carry and added a 37-yard reception. This production is impressive given that Houston's offensive line ranks 27th in run block win rate.With Chubb underwhelming and uncertainty surrounding Joe Mixon's availability, Marks is worth stashing now as he could become the starter later this season.Notebook by Eric MoodyEmeka Egbuka caught four of seven targets for 12.9 fantasy points thanks to a receiving touchdown, but there's another development that should excite fantasy managers. Egbuka played more snaps than Mike Evans and ran a similar number of routes. The Buccaneers continue to feature Egbuka, using him out wide and in the slot in two- and three-receiver sets.Ashton Jeanty's workload took a hit in Week 2 after logging 21 touches in Week 1. The Las Vegas Raiders gave Zamir White more work, especially on third downs, while Dylan Laube was also in the mix. Jeanty still dominated early-down usage and finished with 14 touches, but this rotation is concerning. He remains a fantasy starter, though his ceiling could be capped.Omarion Hampton disappointed in Week 2, rushing eight times for 24 yards and catching one pass for a yard. He split carries evenly with Najee Harris, who also added 20 receiving yards. More concerning, Hampton lost a fumble late, allowing Harris to close out the game. The Week 3 matchup with the Broncos is tough, though Denver did allow 215 total yards to Jonathan Taylor, offering some bounce-back potential. Watch this backfield closely, as Harris' role could continue to grow.Minnesota Vikings QB J.J. McCarthy is expected to miss two to four weeks with a high-ankle sprain, with veteran Carson Wentz likely to start in his place. While Wentz is no longer the starting-caliber QB he once was, he could help maintain Justin Jefferson's fantasy value. RB Aaron Jones Sr. (hamstring) is also not expected to play, giving Jordan Mason a bigger role. Both Jefferson and Mason remain strong fantasy plays in Week 3 against the Bengals, who allows the ninth-most total yards per game.New York Jets QB Justin Fields is in the league's concussion protocol after a helmet-to-turf hit in Week 2. Head coach Aaron Glenn says it would be ""hard"" to start him if he doesn't practice Wednesday or Thursday. If Fields can't play, Tyrod Taylor would start against the Buccaneers. Taylor, who replaced Fields late in Week 2, went seven for 11 for 56 yards and a touchdown. He clearly trusts WR Garrett Wilson, who caught four of eight targets for 50 yards in Week 2, including three catches for 33 yards when Taylor was under center. Wilson remains a low-end WR1 if Taylor starts.Washington Commanders QB Jayden Daniels has a knee injury, and his Week 3 status against the Raiders is uncertain. If he can't play, it would be the first missed game of his career, and Marcus Mariota would start in his place, facing one of his former teams. Last season, Mariota completed 33 of 41 passes for 366 yards and four touchdowns in limited action.Sept. 15:  Who got the ball on Sunday?  Usage notes beyond the box scoreTravis Hunter lined up on both sides of the ball for at least half of the Jaguars snaps on both offense and defense on Sunday. Ian Johnson/Icon SportswireNotebook by Eric MoodyTravis Hunter's six targets and 5.2 fantasy points against the Bengals were disappointing considering both teams combined for 58 points. However, context is important: Hunter played 58% of the Jaguars' offensive snaps but also 60% of the defensive snaps following CB Jarrian Jones' injury.Quinshon Judkins' season debut against the Ravens thrust him into a three-man committee alongside Dylan Sampson and Jerome Ford. Despite missing all of training camp and the preseason, the rookie finished with 13 touches for 10.1 fantasy points and played 20 offensive snaps, the second most behind Ford (36).Travis Etienne Jr. finished with 16 touches and 16.9 fantasy points, playing 66.7% of the offensive snaps -- the most in the Jaguars backfield -- and running the most routes. Bhayshul Tuten, meanwhile, had 10 touches for 15.4 fantasy points despite playing just 25% of the snaps. This gives us a clear picture of what the Jaguars' backfield usage may look like moving forward.Juwan Johnson has stockpiled 20 targets so far this season and has scored at least 15 fantasy points in both games. He's played 97.8% of the Saints' offensive snaps and run 74 routes, the most of any tight end in the league. Chris Olave leads the Saints with a 30.7% target share but has caught just 56.5% of those passes. He has still scored 11 or more fantasy points in back-to-back games while playing 92.0% of the Saints' offensive snaps. Better days are likely ahead. New Orleans faces tough matchups against the Seahawks and Bills secondaries in Weeks 3 and 4 but gets a favorable matchup in Week 5 against the Giants, who just allowed big games to both CeeDee Lamb and George Pickens.Cam Skattebo finished with 13 touches and 13.9 fantasy points against the Cowboys, while Tyrone Tracy Jr. had nine touches and 9.1 fantasy points. What stands out is that Skattebo played more snaps than Tracy and Devin Singletary in the second half and overtime, which could be a first step to becoming the top runner in this committee.play0:53Liz Loza: Rhamondre Stevenson very much the Patriots' RB1Liz Loza details why fantasy managers shouldn't sleep on Rhamondre Stevenson's fantasy potential heading into Week 3.TreVeyon Henderson (5) finished with fewer touches than Rhamondre Stevenson (16) and Antonio Gibson (6) against the Dolphins. Stevenson appears to be the Patriots' lead back for now, while Henderson has played just 33.3% of the offensive snaps this season.The Patriots' wide receiver group is the definition of a committee, with Stefon Diggs (32), Kayshon Boutte (45), and Mack Hollins (41) all playing similar snaps and running a similar number of routes. To make matters worse, Stevenson actually led New England in receiving yards against the Dolphins. Tony Pollard has played 90% of the offensive snaps so far this season in a Titans backfield without Tyjae Spears, which isn't surprising. What is surprising is that he has only two targets after averaging four per games last season.De'Von Achane played 92% of the Dolphins' offensive snaps in Week 2 and scored 26.2 fantasy points on 19 touches. This is significant because, among running backs, only Jonathan Taylor and Pollard had a snap share above 90%, and all three saw 19 or more touches.Breece Hall led the Jets' backfield against the Bills with 12 touches as New York struggled to get anything going offensively. He's firmly entrenched as the lead back, playing 64% of the offensive snaps in Week 2, an increase from Week 1.play0:54Should fantasy managers rank Odunze ahead of Moore?Eric Karabell breaks down Rome Odunze's nice start to the season and whether fantasy managers should consider him over DJ Moore.D'Andre Swift has played 70.4% of the Bears' offensive snaps through two games and has accumulated 15 or more touches in each contest. Most importantly, Chicago's offensive line has performed well and currently ranks first in run block win rate. Even while trailing for most of Sunday's game against the Lions, the Bears still rushed for 134 yards as a team and averaged 5.0 yards per carry.Isiah Pacheco played 57% of the offensive snaps against the Eagles, while Kareem Hunt played 41%. Pacheco had 11 touches and Hunt had nine, with both scoring fewer than five fantasy points. Patrick Mahomes led the Chiefs in rushing yards, which is suboptimal, and the Chiefs' offensive line currently ranks 31st in run-block win rate, which is officially concerningJames Conner has had 11 or more rushing attempts in two consecutive games, averaging 3.2 yards per carry. This is surprising given that the Cardinals' offensive line currently ranks third in run-block win rate. DeAndre Hopkins has scored 11 or more fantasy points in two straight games, that's the good news. The bad news is he's played just 29 offensive snaps and run only 18 routes in that span, catching all four of his targets. That level of fantasy production isn't sustainable without significantly more volume.Cooper Kupp was much more involved in the Seahawks' offense in Week 2. He finished with 3.3 receiving yards per route run, similar to teammate Jaxon Smith-Njigba, and saw a comparable trend in targets as well.Elic Ayomanor played 73% of the Titans' offensive snaps in Week 2. He outperformed Calvin Ridley in both receiving yards per route run and fantasy points.Hunter Renfrow finished with nine targets and 23.8 fantasy points against the Cardinals. However, the Panthers trailed most of the game and relied heavily on 11 personnel, which is important because Renfrow primarily plays in three-receiver sets.Zay Flowers has a 42.6% target share this season. The only other receiver with a team target share over 40% is Smith-Njigba.RJ Harvey played 31.7% of the Broncos' offensive snaps in Week 2, up from Week 1, but he recorded just six touches.Troy Franklin played 83.3% of the Broncos' offensive snaps, finishing with nine targets and 24.0 fantasy points against the Colts. He has solidified his role as Denver's No. 2 receiver.J.J. McCarthy posted a Total QBR of 6.2 against the Falcons, the lowest by a Vikings quarterback since Teddy Bridgewater's 3.8 in Week 17 of 2015 against the Packers. McCarthy also had an off-target rate of 28.6%, threw two interceptions, and lost a fumble. The early returns are concerning for the fantasy outlook of key Vikings offensive players Justin Jefferson, Aaron Jones Sr. and T.J. Hockenson. This will be important to monitor moving forward.Brenton Strange has nine total targets and 14.6 fantasy points so far this season for the Jaguars. He's also been on the field for 86.5% of their offensive snaps and has run 55 routes. Better days are ahead for Strange.For more observations, see Tristan H. Cockcroft and Matt Bowen's Week 2 fantasy football winners and losersJoe Burrow was forced out of Sunday's game, but Jake Browning showed he can keep the Bengals' fantasy playmakers afloat. Sam Greene/USA TODAY Network via Imagn ImagesSept. 14: Bengals withstand injury to Burrow, Lions offense roarsNotebook by Tristan H. CockcroftFantasy managers of Cincinnati Bengals players will be monitoring their injury updates over the next 24 hours and throughout the practice week, after Joe Burrow was forced to leave the team's Week 2 contest with a toe injury. The star quarterback, the fifth most-started player at his position in fantasy (90.5% of ESPN leagues), scored 7.04 fantasy points before exiting at around the midpoint of the second quarter.Aggressive-but-erratic backup Jake Browning kept the offense afloat in relief of Burrow, scoring 17.74 points of his own and fueling big scores by Ja'Marr Chase (36.5 PPR fantasy points) and Tee Higgins (14.6). Nevertheless, Burrow's accuracy is practically impossible for Browning to match, and there's little doubt that further absences will heighten the challenge for Bengals offensive players -- yes, including running back Chase Brown, since the team's defense grades well below-average.Browning would be a matchups-oriented streaming option in the event he's needed to make future starts.More Sunday takeawaysWhat a difference a week made for the Detroit Lions, who went from totaling 13 points and 246 yards against the Green Bay Packers in their season opener, to scoring 52 with 511 total yards against the Chicago Bears ... who, by the way, are coached by their former offensive coordinator, Ben Johnson (in case you hadn't yet heard). Jared Goff's turnaround was particularly notable, as he scored a position-best (through the 1 p.m. ET games) 33.96 fantasy points, while showing greater willingness as well as accuracy on deeper throws this week than last. It's suddenly seeming that Week 1 was much more about the Packers' defensive strengths than it was Lions deficiencies, with Thursday's Packers win over the Washington Commmanders providing further evidence of that. The Lions are in for a challenge against the Baltimore Ravens in Week 3, but their output should be much closer in resemblance to this week's (or the Buffalo Bills' Week 1 against the Ravens).After Zach Charbonnet out-snapped (58%-40%), out-carried (12-10) and outscored for fantasy purposes (10.7-5.4 PPR points) Kenneth Walker III in Week 1, it appeared a backfield battle was on. Week 2 wasn't much different in terms of usage -- Charbonnet still led in snap rate (55%-36%) and carries (15-13) -- but Walker was the superior performer of the two, with 18.8 points to Charbonnet's 1.0. It was the rebound performance Walker sorely needed to keep afloat in what's shaping up as a backfield timeshare, and it aligns nicely with a supremely favorable Week 3 matchup ahead against the New Orleans Saints.No Brock Purdy, no problem for the San Francisco 49ers offense. Mac Jones filled in and put up 21.76 fantasy points, his fifth-best single game score, completing passes to eight different receivers and totaling three passing scores. The matchup certainly contributed -- the New Orleans Saints have one of the league's worst defenses -- but Purdy's absence, a result of a toe injury, comes at an opportune time on that front, with the Arizona Cardinals, Jacksonville Jaguars and Tampa Bay Buccaneers, all of them plus matchups for passing, the next three games on the Niners' schedule. Jones' success alleviates most concerns about the offense while Purdy heals, so start Christian McCaffrey and Jauan Jennings with confidence next week.Kaleb Johnson's fantasy stock continues to plummet, particularly after he committed gaffes on special teams in each of the season's first two weeks. A top-25 running back selected as early as the ninth round during the early stages of the preseason, Johnson has seen his roster rate dip to 67.4% in ESPN leagues. Primarily returning kickoffs, Johnson lost a fumble in Week 1, then on Sunday failed to return a kickoff that immediately led to a New York Jets touchdown. It appeared he was unfamiliar with the new rule. At running back, the Pittsburgh Steelers have given Jaylen Warren 52% of the offensive snaps, Kenneth Gainwell 47% and Johnson 4%, and Warren 25 of the carries, Gainwell 12 and Johnson 2. While, yes, injuries often create opportunities at the NFL level and Johnson's career is hardly derailed as a result of his poor start to the year, he's a cut in fantasy at this stage.Stephania Bell's injury updateJoe Burrow, QB, Bengals: Burrow was taken down with a sack roughly halfway through the second quarter and sustained a toe injury in the process. Burrow's toe portion of his shoe remained engaged with the turf as his body weight shifted forward and he went to the ground, forcing hyperextension through the toe region. After being examined on the field, Burrow was helped inside the tunnel with the assistance of the medical staff, protecting his left foot by not bearing weight through it. Not every facility has MRI imaging on site, but according to Joe Danneman of Fox19 Now in Cincinnati, Burrow had an MRI at the stadium, shortly after leaving the field. The Bengals initially ruled Burrow questionable to return with a left toe injury and he was ruled out of the game within an hour.According to ESPN's Ben Baby, Burrow was using crutches to leave the locker room while wearing a walking boot on his left foot. Coach Zac Taylor had no update on Burrow's status after the game. There will hopefully be more information in coming days, but as San Francisco 49ers quarterback Brock Purdy's absence in Week 2 due to a (variant of) turf toe injury indicates, it is difficult to successfully play the position with any acute toe injury. Whether it is driving through the front leg to throw, dropping back to pass, pivoting to hand the ball off or, perhaps most importantly, having enough mobility to protect oneself, the toe plays a critical role.Sept. 12: Commanders RB Austin Ekeler believed to have torn AchillesWashington fears it may be a long time before Austin Ekeler returns to the huddle after Thursday night's Achilles injury. Peter Casey-Imagn ImagesEric Moody: Austin Ekeler's injury is a massive shakeup for both the Commanders and fantasy managers alike. Washington fears he suffered a season-ending Achilles tear, which would remove one of the league's most versatile backs from the offense and fantasy lineups.Through the first two weeks, Ekeler handled every snap on the first two drives, but Jacory Croskey-Merritt took over early-down work for the remainder of each game. Jeremy McNichols mixed in on passing downs and fully assumed third-down duties after Ekeler's injury. Even with the Commanders frequently trailing and leaning on QB Jayden Daniels and the passing game, Croskey-Merritt averaged a respectable 4.3 yards per carry.Croskey-Merritt, rostered in 83.2% of leagues, should become the Commanders' lead back. He accumulated 10 touches for 14.2 fantasy points in Week 1 and could see 15-plus touches in neutral or positive game scripts. He profiles as an RB2 with upside, especially in PPR formats.McNichols should maintain a steady role as the passing-down back, offering sneaky value in deeper leagues, particularly in games where Washington is trailing. Chris Rodriguez Jr., a healthy scratch in Week 1 and 2, could now be incorporated in short-yardage and goal-line situations. He will likely see limited action initially, but is worth monitoring in deep leagues.Deebo Samuel may also pick up additional rushing attempts, providing a creative way for Washington to balance its offense. He's averaged 2.9 carries and 16.0 yards per game since 2021. The Commanders could also explore the free-agent market, with options like Ezekiel Elliott, Cam Akers, or D'Onta Foreman available. Fantasy managers should monitor this situation closely, as any addition would alter the current depth chart and usage patterns.Stephania Bell: When Ekeler went to the ground untouched in the fourth quarter, the sequence was all too familiar. While running a route on a pass play, he turned to cut inside and his right leg extended behind him in a lunge position. That lunge position -- with the back leg extended, heel to the ground and the body weight leaning forward about to push off -- places maximum stretch on the Achilles, the largest tendon in the body.Pushing off with that leg to propel the body forward results from the calf muscle forcefully contracting, then transmitting that force through the tendon to lift the heel. That extreme of going from maximal lengthening (or stretch) of the tendon to maximal contraction subjects the Achilles to significant strain and is a classic mechanism of injury.Ekeler went to the ground immediately and reached instinctively for his right lower leg, as is often the case with Achilles injuries. Commanders medical staff evaluated him briefly on the field and then helped escort him off the field with Ekeler bearing no weight on his right leg. Moments later he was seen on a cart heading into the tunnel for further evaluation.The next steps for Ekeler likely include further physical evaluation, including imaging, to better appreciate the full extent of the injury but reports already indicate the team suspects a torn Achilles. Expect Ekeler to undergo surgery in the near future but sadly his 2025 season has come to a premature conclusion.Other Thursday night notesJayden Reed, Green Bay Packers: With a defender falling on top of him, Reed landed hard on his right shoulder while making a beautiful end zone catch and came up in pain. Unfortunately the touchdown was negated by a penalty. Worse yet, Reed was obviously in significant discomfort, right arm dangling at his side, as he was escorted into the locker room area for X-rays. He would not return to the game and afterward coach Matt LaFleur announced that Reed suffered a broken clavicle (collarbone).There will be more information to come as to whether it will be allowed to heal on its own or whether Reed will require surgery to repair the fracture. The size and location of the break will factor into course of treatment. Either way, he will no doubt be placed on Injured reserve as this will be a multiple-week recovery. -- BellTucker Kraft of the Packers was an afterthought in many fantasy drafts this summer as the TE11. He exploded against the Commanders, catching six of seven targets for 124 yards and a touchdown. His 57-yard reception from Jordan Love marked his third catch of 50-plus yards since the start of last season, the most by any tight end over that span. Kraft is seeing a rising target rate, making him a TE1 option with top-five upside moving forward. -- MoodyJayden Daniels of the Commanders finished with 19.7 fantasy points, but the box score only tells part of the story. He struggled in the vertical passing game against the Packers' ferocious defense, facing pressure on 24 of 52 dropbacks (46%), the highest of his career, up from 22% last week. That constant pressure largely explains his lack of downfield success, a trend fantasy managers should watch in future matchups. -- MoodyPackers CB Keisean Nixon has been phenomenal so far this season. According to Next Gen Stats, he was targeted six times as the nearest defender in coverage against the Commanders and allowed just one reception for nine yards. He also recorded five pass breakups, the most by any player in a single game since 2021. Fantasy managers should take note if one of their receivers faces the Packers in upcoming weeks. -- Moodyplay1:42Stephania Bell details injured reserve process for fantasy managersStephania Bell issues a reminder to fantasy managers about what happens when players are placed on injured reserve.",https://www.espn.com/fantasy/football/story/_/id/40699880/fantasy-football-injuries-position-battles-nfl-news-analysis
Fantasy football PPR rankings for Week 3,"Sep 16, 2025, 11:31 AM ET",ESPN Fantasy Staff,"ESPN FantasySep 16, 2025, 11:31 AM ETESPN's weekly PPR and IDP fantasy football rankings are an aggregate of our rankers (eight PPR, three IDP). They are Matt Bowen, Mike Clay, Tristan H. Cockcroft, Daniel Dopp, Eric Karabell, Liz Loza, Eric Moody and Field Yates. Karabell also provides his superflex rankings all season long.Rankings will be published every Tuesday and are updated throughout the week for news and emerging analysis.PPR rankings:
Quarterbacks | Running backs | Wide receivers | Tight ends | Kickers | D/STIDP rankings:
Top 50 DLs, LBs, DBs from Clay, Cockcroft and MoodyEric Karabell's superflex rankings:
Top 150 QBs, RBs, WRs and TEs",https://www.espn.com/fantasy/football/story/_/page/FFWeeklyPlayerRank25main-46028352/fantasy-football-rankings-2025-nfl-week-qb-rb-wr-te-dst
Fantasy football 2025 offensive depth charts,"Sep 16, 2025, 01:14 PM ET",Mike Clay,"Mike ClaySep 16, 2025, 01:14 PM ETCloseMike Clay is a senior writer for fantasy football and the NFL at ESPN. Mike is a member of the FSWA Hall of Fame. His projections power the ESPN Fantasy Football game, and he also appears on ""Fantasy Football Now"" and the Fantasy Focus Football podcast.Follow on XNOTE: These depth charts will be updated throughout the offseason and the 2025 NFL regular season. They do not include unrestricted free agents. Once players sign with a team, they will be added.The fantasy football offensive depth charts below break down all 32 NFL teams in terms of current fantasy value for the 2025 season. It's important to note that this does not necessarily reflect a player's position on his NFL team's depth chart.If you are looking for defensive depth charts, click here.Scan through all 32 teams alphabetically below, or click the abbreviation to skip ahead to a specific team.Fantasy offensive depth chartsARI | ATL | BAL | BUF | CAR | CHI | CIN | CLEDAL | DEN | DET | GB | HOU | IND | JAC | KCLV | LAC | LAR | MIA | MIN | NE | NO | NYGNYJ | PHI | PIT | SF | SEA | TB | TEN | WAS ARIZONA CARDINALSQBKyler MurrayJacoby BrissettRBJames ConnerTrey BensonEmari DemercadoZonovan KnightWRMarvin Harrison Jr.Michael WilsonZay JonesGreg DortchSimi FehokoTETrey McBrideTip ReimanElijah HigginsKChad RylandPBlake GillikinBACK TO TOP ATLANTA FALCONSQBMichael Penix Jr.Kirk CousinsRBBijan RobinsonTyler AllgeierNathan CarterWRDrake LondonDarnell MooneyRay-Ray McCloud IIICasey WashingtonKhaDarel HodgeTEKyle PittsCharlie WoernerFeleipe FranksKJohn Parker RomoPBradley PinionBACK TO TOP BALTIMORE RAVENSQBLamar JacksonCooper RushRBDerrick HenryJustice HillRasheen AliKeaton MitchellWRZay FlowersRashod BatemanTylan WallaceDeAndre HopkinsDevontez WalkerTEMark AndrewsIsaiah LikelyCharlie KolarKTyler LoopPJordan StoutBACK TO TOP BUFFALO BILLSQBJosh AllenMitchell TrubiskyRBJames CookTy JohnsonRay DavisWRKeon ColemanKhalil ShakirJoshua PalmerElijah MooreTyrell ShaversTEDalton KincaidDawson KnoxJackson HawesKTyler BassPCameron JohnstonBACK TO TOP CAROLINA PANTHERSQBBryce YoungAndy DaltonRBChuba HubbardRico DowdleTrevor EtienneWRTetairoa McMillanXavier LegetteJalen CokerHunter RenfrowBrycen TremayneTEJa'Tavion SandersTommy TrembleMitchell EvansKRyan FitzgeraldPSam MartinBACK TO TOP CHICAGO BEARSQBCaleb WilliamsTyson BagentRBD'Andre SwiftKyle MonangaiRoschon JohnsonWRDJ MooreRome OdunzeOlamide ZaccheausLuther Burden IIIDevin DuvernayTECole KmetColston LovelandDurham SmytheKCairo SantosPTory TaylorBACK TO TOP CINCINNATI BENGALSQBJake BrowningRBChase BrownSamaje PerineTahj BrooksWRJa'Marr ChaseTee HigginsAndrei IosivasMitchell TinsleyCharlie JonesTEMike GesickiNoah FantDrew SampleKEvan McPhersonPRyan RehkowBACK TO TOP CLEVELAND BROWNSQBJoe FlaccoDillon GabrielRBQuinshon JudkinsJerome FordDylan SampsonRaheim SandersWRJerry JeudyCedric TillmanIsaiah BondJamari ThrashDeAndre CarterTEDavid NjokuHarold Fannin Jr.Blake WhiteheartKAndre SzmytPCorey BojorquezBACK TO TOP DALLAS COWBOYSQBDak PrescottJoe Milton IIIRBJavonte WilliamsMiles SandersJaydon BlueWRCeeDee LambGeorge PickensJalen TolbertKaVontae TurpinRyan FlournoyTEJake FergusonLuke SchoonmakerBrevyn Spann-FordKBrandon AubreyPBryan AngerBACK TO TOP DENVER BRONCOSQBBo NixJarrett StidhamRBJ.K. DobbinsRJ HarveyTyler BadieJaleel McLaughlinWRCourtland SuttonTroy FranklinMarvin Mims Jr.Trent SherfieldPat BryantTEEvan EngramAdam TrautmanLucas KrullKWil LutzPJeremy CrawshawBACK TO TOP DETROIT LIONSQBJared GoffKyle AllenRBJahmyr GibbsDavid MontgomeryCraig ReynoldsSione VakiWRAmon-Ra St. BrownJameson WilliamsKalif RaymondIsaac TeSlaaDominic LovettTESam LaPortaBrock WrightShane ZylstraKJake BatesPJack FoxBACK TO TOP GREEN BAY PACKERSQBJordan LoveMalik WillisRBJosh JacobsChris BrooksEmanuel WilsonWRRomeo DoubsMatthew GoldenJayden ReedDontayvion WicksMalik HeathTETucker KraftLuke MusgraveJohn FitzPatrickKBrandon McManusPDaniel WhelanBACK TO TOP HOUSTON TEXANSQBC.J. StroudDavis MillsRBNick ChubbWoody MarksDare OgunbowaleDameon PierceWRNico CollinsChristian KirkXavier HutchinsonJayden HigginsJustin WatsonTEDalton SchultzCade StoverHarrison BryantKKa'imi FairbairnPTommy TownsendBACK TO TOP INDIANAPOLIS COLTSQBDaniel JonesAnthony RichardsonRBJonathan TaylorDJ GiddensTyler GoodsonWRMichael Pittman Jr.Josh DownsAlec PierceAdonai MitchellAshton DulinTETyler WarrenMo Alie-CoxAndrew OgletreeKSpencer ShraderPRigoberto SanchezBACK TO TOP JACKSONVILLE JAGUARSQBTrevor LawrenceNick MullensRBTravis Etienne Jr.Bhayshul TutenLeQuint AllenCody SchraderWRBrian Thomas Jr.Travis HunterDyami BrownParker WashingtonTim PatrickTEBrenton StrangeJohnny MundtHunter LongKCam LittlePLogan CookeBACK TO TOP KANSAS CITY CHIEFSQBPatrick MahomesGardner Minshew IIRBIsiah PachecoKareem HuntBrashard SmithElijah MitchellWRRashee RiceXavier WorthyHollywood BrownJuJu Smith-SchusterTyquan ThorntonTETravis KelceNoah GrayRobert TonyanKHarrison ButkerPMatt AraizaBACK TO TOP LAS VEGAS RAIDERSQBGeno SmithKenny PickettRBAshton JeantyZamir WhiteDylan LaubeRaheem MostertWRJakobi MeyersTre TuckerDont'e Thornton Jr.Jack BechJustin ShorterTEBrock BowersMichael MayerIan ThomasKDaniel CarlsonPA.J. Cole IIIBACK TO TOP LOS ANGELES CHARGERSQBJustin HerbertTrey LanceRBOmarion HamptonNajee HarrisHassan HaskinsWRLadd McConkeyKeenan AllenQuentin JohnstonTre HarrisKeAndre Lambert-SmithTEWill DisslyTyler ConklinOronde Gadsden IIKCameron DickerPJ.K. ScottBACK TO TOP LOS ANGELES RAMSQBMatthew StaffordJimmy GaroppoloRBKyren WilliamsBlake CorumJarquez HunterWRPuka NacuaDavante AdamsTutu AtwellJordan WhittingtonKonata MumpfieldTETyler HigbeeColby ParkinsonDavis AllenKJoshua KartyPEthan EvansBACK TO TOP MIAMI DOLPHINSQBTua TagovailoaZach WilsonRBDe'Von AchaneOllie Gordon IIJaylen WrightWRTyreek HillJaylen WaddleMalik WashingtonNick Westbrook-IkhineD'Wayne EskridgeTEDarren WallerJulian HillTanner ConnerKJason SandersPJake BaileyBACK TO TOP MINNESOTA VIKINGSQBJ.J. McCarthyCarson WentzRBAaron JonesJordan MasonZavier ScottXazavian ValladayWRJustin JeffersonJordan AddisonJalen NailorAdam ThielenTai FeltonTET.J. HockensonJosh OliverBen YurosekKWill ReichardPRyan WrightBACK TO TOP NEW ENGLAND PATRIOTSQBDrake MayeJoshua DobbsRBRhamondre StevensonTreVeyon HendersonAntonio GibsonWRStefon DiggsKayshon BoutteDeMario DouglasMack HollinsKyle WilliamsTEHunter HenryAustin HooperJack WestoverKAndres BorregalesPBryce BaringerBACK TO TOP NEW ORLEANS SAINTSQBSpencer RattlerTyler ShoughRBAlvin KamaraKendre MillerDevin NealVelus Jones Jr.WRChris OlaveRashid ShaheedBrandin CooksDevaughn VeleMason TiptonTEJuwan JohnsonFoster MoreauJack StollKBlake GrupePKai KroegerBACK TO TOP NEW YORK GIANTSQBRussell WilsonJaxson DartRBTyrone Tracy Jr.Cam SkatteboDevin SingletaryWRMalik NabersWan'Dale RobinsonDarius SlaytonBeaux CollinsGunner OlszewskiTETheo JohnsonDaniel BellingerChris ManhertzKGraham GanoPJamie GillanBACK TO TOP NEW YORK JETSQBJustin FieldsTyrod TaylorRBBreece HallBraelon AllenIsaiah DavisKene NwangwuWRGarrett WilsonJosh ReynoldsTyler JohnsonArian SmithAllen LazardTEMason TaylorJeremy RuckertStone SmarttKNick FolkPAustin McNamaraBACK TO TOP PHILADELPHIA EAGLESQBJalen HurtsTanner McKeeRBSaquon BarkleyTank BigsbyWill ShipleyAJ DillonWRA.J. BrownDeVonta SmithJahan DotsonJohn Metchie IIIDarius CooperTEDallas GoedertGrant CalcaterraKylen GransonKJake ElliottPBraden MannBACK TO TOP PITTSBURGH STEELERSQBAaron RodgersMason RudolphRBJaylen WarrenKenneth GainwellKaleb JohnsonWRDK MetcalfCalvin Austin IIIRoman WilsonBen SkowronekScotty MillerTEPat FreiermuthJonnu SmithDarnell WashingtonKChris BoswellPCorliss WaitmanBACK TO TOP SAN FRANCISCO 49ERSQBBrock PurdyMac JonesRBChristian McCaffreyBrian Robinson Jr.Isaac GuerendoJordan JamesWRJauan JenningsRicky PearsallBrandon AiyukDemarcus RobinsonKendrick BourneTEGeorge KittleLuke FarrellJake TongesKEddy PineiroPThomas MorsteadBACK TO TOP SEATTLE SEAHAWKSQBSam DarnoldJalen MilroeRBZach CharbonnetKenneth Walker IIIGeorge HolaniWRJaxon Smith-NjigbaCooper KuppTory HortonJake BoboDareke YoungTEAJ BarnerElijah ArroyoEric SaubertKJason MyersPMichael DicksonBACK TO TOP TAMPA BAY BUCCANEERSQBBaker MayfieldTeddy BridgewaterRBBucky IrvingRachaad WhiteSean TuckerJosh WilliamsWRChris GodwinMike EvansEmeka EgbukaSterling ShepardRyan MillerTECade OttonPayne DurhamKo KieftKChase McLaughlinPRiley DixonBACK TO TOP TENNESSEE TITANSQBCameron WardBrandon AllenRBTony PollardTyjae SpearsJulius ChestnutKalel MullingsWRCalvin RidleyElic AyomanorTyler LockettChimere DikeVan JeffersonTEChigoziem OkonkwoGunnar HelmDavid Martin-RobinsonKJoey SlyePJohnny HekkerBACK TO TOP WASHINGTON COMMANDERSQBJayden DanielsMarcus MariotaRBBill Croskey-MerrittJeremy McNicholsChris Rodriguez Jr.WRTerry McLaurinDeebo Samuel Sr.Jaylin LaneNoah BrownLuke McCaffreyTEZach ErtzJohn BatesBen SinnottKMatt GayPTress WayBACK TO TOP",https://www.espn.com/fantasy/football/story/_/id/43809872/fantasy-football-2025-offensive-depth-charts
Expected fantasy points (xFP): 2025 leaderboard for QBs,"Sep 16, 2025, 01:23 PM ET",Mike Clay,"Mike ClaySep 16, 2025, 01:23 PM ETCloseMike Clay is a senior writer for fantasy football and the NFL at ESPN. Mike is a member of the FSWA Hall of Fame. His projections power the ESPN Fantasy Football game, and he also appears on ""Fantasy Football Now"" and the Fantasy Focus Football podcast.Follow on XExpected fantasy points (xFP) strip away player talent and efficiency and focus solely on opportunity.FORP -- fantasy points over replacement player -- is the difference between a player's actual fantasy point total (FF Pts) and his xFP (expected total).Quarterback adjustments are made as follows:Pass attempts: No changePass completions: Pass attempts multiplied by a passer's expected completion percentage based on depth of throw, location and target positionPassing yardage: Pass attempts multiplied by a passer's expected yardage based on depth of throw, location and target positionPassing touchdowns: Passing xTDInterceptions: Pass attempts multiplied by a passer's expected interceptions based on depth of throw, location and target positionRushing attempts: No changeRushing yardage: Rush attempts multiplied by a rusher's expected yardage based type of rushing attemptRushing touchdowns: Rushing xTDTwo-point conversions: xTD multiplied by the league average two-point rateFumbles lost: Touches multiplied by the league average rateHere are the 2025 xFP leaders at quarterback:2025 xFP & xTD leaderboardsxFP by position: QB | RB | WR | TEDefense xFP: By positionxTD: 2025 leaderboard2025 xFP: Quarterbacks (incl. adjusted stats)Rk. PlayerxFPActualPtsFORPGP YdsP TDR YdsR TD1. Josh Allen, BUF5651-5251037832. Daniel Jones, IND51521245236333. Bryce Young, CAR4429-15264553604. Russell Wilson, NYG4241-1255646405. Spencer Rattler, NO4033-7254445506. Drake Maye, NE38424250035417. Trevor Lawrence, JAC3730-8252242108. Dak Prescott, DAL3730-7263832209. Patrick Mahomes, KC3648122505295010. Kyler Murray, ARI3632-32380375111. Lamar Jackson, BAL3656202366446112. Jayden Daniels, WAS354042526299013. Michael Penix Jr., ATL3529-62438325114. Matthew Stafford, LAR3331-224494-3115. Geno Smith, LV3321-122569329016. Caleb Williams, CHI324192492266017. Baker Mayfield, TB3242102527350018. Bo Nix, DEN3227-52448338019. Jalen Hurts, PHI323642283182220. Justin Herbert, LAC3047172462253021. Jordan Love, GB293772434312022. Jared Goff, DET294516247737023. Justin Fields, NYJ273462239091224. Joe Flacco, CLE2621-52568216025. C.J. Stroud, HOU2524-12344251026. J.J. McCarthy, MIN242512321235027. Aaron Rodgers, PIT243612240727028. Cameron Ward, TEN2312-112434222029. Brock Purdy, SF2317-61238319030. Tua Tagovailoa, MIA22242240627031. Joe Burrow, CIN2016-42254217032. Sam Darnold, SEA202122413114033. Jake Browning, CIN18180123014134. Mac Jones, SF142271269112035. Tyrod Taylor, NYJ880177122036. Zach Wilson, MIA32-115907037. Dillon Gabriel, CLE35211700038. Tyson Bagent, CHI12012607039. Jaxson Dart, NYG10-11005040. Jalen Milroe, SEA0001005041. Mason Rudolph, PIT00011100042. Jacoby Brissett, ARI0001002043. Mitchell Trubisky, BUF0111150-3044. Kyle Allen, DET0001000045. Cooper Rush, BAL000100-30",https://www.espn.com/fantasy/football/story/_/id/46168860/2025-fantasy-football-expected-fantasy-points-xfp-qb
NFL expected touchdown (xTD) leaderboard for 2025,"Sep 16, 2025, 01:19 PM ET",Mike Clay,"Mike ClaySep 16, 2025, 01:19 PM ETCloseMike Clay is a senior writer for fantasy football and the NFL at ESPN. Mike is a member of the FSWA Hall of Fame. His projections power the ESPN Fantasy Football game, and he also appears on ""Fantasy Football Now"" and the Fantasy Focus Football podcast.Follow on XWhat is xTD?xTD stands for expected touchdowns. It is a statistic that weighs every carry/target and converts the data into one number that indicates a player's scoring opportunity. For example, if a player has an xTD of 3.0, it means that a statistically league-average player who saw the same number of carries/targets in the same area of the field would have scored three touchdowns.xTD keyLooks = Carries + targets
TD = Actual TD total
xTD = Expected TD total
Diff = Difference between the player's total xTD and actual TD total
In5 = Carries by the player inside the opponent's 5-yard line
EZ = End zone targets2025 xFP & xTD leaderboardsxFP by position: QB | RB | WR | TEDefense xFP: By positionxTD: 2025 leaderboard2025 xTD LeadersRk. PlayerLooksTDxTDDiffIn5EZ1. Daniel Jones1333.2-0.2402. Josh Allen2023.1-1.1503. Davante Adams2012.2-1.2054. Jalen Hurts2332.10.9305. James Cook4032.10.9306. Christian McCaffrey5212.0-1.0017. Malik Nabers2522.00.0058. James Conner2821.90.1309. Hunter Renfrow1521.80.20310. George Pickens1411.8-0.80511. Kyren Williams4011.7-0.72012. Amon-Ra St. Brown1831.71.30213. Josh Jacobs4321.60.42014. Justin Fields1721.60.42015. Jonathan Taylor4811.6-0.62016. Omarion Hampton2701.6-1.62017. Bijan Robinson4611.6-0.61018. J.K. Dobbins3421.60.42019. David Montgomery2711.6-0.63020. Cam Skattebo1811.6-0.62021. Javonte Williams4231.51.52022. Nico Collins1311.5-0.50323. Saquon Barkley4721.40.62024. Ja'Marr Chase2411.4-0.40225. Chase Brown4311.3-0.32026. Rome Odunze2031.31.70227. Brian Thomas Jr.2011.3-0.30228. Zach Charbonnet2711.2-0.22029. Jaylen Warren3111.2-0.22030. Justin Jefferson1411.2-0.20231. Raheim Sanders311.2-0.22032. Kayshon Boutte1011.2-0.20333. Calvin Austin III1111.1-0.10234. Mike Gesicki601.1-1.10135. Romeo Doubs911.1-0.10036. Quentin Johnston1531.11.90237. Tyler Allgeier2711.1-0.11038. Chris Olave2301.1-1.10239. Courtland Sutton1311.00.00140. Marvin Harrison Jr.1111.00.00241. Juwan Johnson2011.00.00242. Rashid Shaheed1411.00.00143. Drake London1901.0-1.00244. Jakobi Meyers2101.0-1.00245. Wan'Dale Robinson1811.00.00246. Dyami Brown1411.00.00247. Mark Andrews501.0-1.00248. Jaylen Waddle1110.90.10249. Emeka Egbuka1430.92.10250. Michael Penix Jr.710.90.12051. Devaughn Vele310.90.10252. Tucker Kraft1120.91.10253. Jahmyr Gibbs3410.90.10054. Keenan Allen1620.91.10255. Chuba Hubbard3720.91.10056. Xavier Legette1500.9-0.90257. Tetairoa McMillan1900.9-0.90058. Travis Etienne Jr.3610.90.10059. Keon Coleman1410.90.10260. Alec Pierce800.9-0.90261. Cedric Tillman1520.91.10262. Dalton Kincaid1010.90.10263. Dylan Sampson2710.80.20164. Alvin Kamara4010.80.21065. Jerome Ford1900.8-0.82066. Tre Tucker1210.80.20267. DJ Giddens1300.8-0.81068. Darnell Mooney400.8-0.80269. DeAndre Hopkins420.71.30170. Blake Corum710.70.31071. Devontez Walker220.71.30272. D'Andre Swift3710.70.31073. Travis Hunter1400.7-0.70174. Nick Chubb2810.70.31075. Jalen Nailor800.7-0.70176. Troy Franklin1610.70.30077. Kyler Murray1400.7-0.70078. Ashton Jeanty3610.70.31079. Ja'Tavion Sanders1200.7-0.70180. Tyler Warren1800.7-0.70181. Jauan Jennings1510.70.30082. Jake Browning110.70.31083. Matthew Stafford600.7-0.72084. Drake Maye1510.70.30085. Hollywood Brown2100.7-0.70086. Zay Flowers2310.60.40187. Michael Wilson610.60.40188. Elic Ayomanor1210.60.40189. Hunter Henry1100.6-0.60190. Davis Allen320.61.40191. Mike Evans1900.6-0.60192. Lamar Jackson810.60.41093. Travis Kelce1010.60.40094. Ricky Pearsall1300.6-0.60195. Ty Johnson700.6-0.60096. George Kittle410.50.50097. Jake Tonges810.50.50198. DK Metcalf1310.50.50199. Chimere Dike900.5-0.501100. Rachaad White1510.50.510101. Bucky Irving4110.50.500102. Adam Trautman410.50.501103. Noah Fant910.50.501104. Derrick Henry3020.51.500105. Isaac TeSlaa210.50.501106. DeMario Douglas710.50.501107. Zaire Mitchell-Paden100.5-0.501108. Jameson Williams1010.50.500109. AJ Barner710.50.500110. Braelon Allen910.50.500111. Joshua Palmer1200.5-0.501112. Tyquan Thornton910.50.501113. Jeremy Ruckert310.50.501114. Calvin Ridley1500.5-0.501115. Tanner Conner400.5-0.501116. Noah Brown700.5-0.501117. Hunter Long110.50.501118. Elijah Moore510.50.510119. Marvin Mims Jr.610.40.601120. Brock Bowers1600.4-0.401121. KaVontae Turpin1010.40.601122. Rhamondre Stevenson2700.4-0.400123. Miles Sanders1210.40.610124. Jayden Reed510.40.601125. Tyler Badie900.4-0.401126. CeeDee Lamb2400.4-0.400127. Terry McLaurin1300.4-0.400128. Tory Horton510.40.601129. Mack Hollins410.40.601130. Zach Ertz1320.41.600131. Josh Downs1100.4-0.401132. Jonnu Smith1010.40.600133. Matthew Golden600.4-0.401134. Ray-Ray McCloud III700.4-0.401135. Greg Dortch300.4-0.401136. Caleb Williams1110.40.600137. Jason Brownlee100.4-0.401138. Tim Patrick100.4-0.401139. Jalen Tolbert600.4-0.401140. Deebo Samuel Sr.1920.41.600141. Jake Ferguson1800.4-0.400142. Mitchell Tinsley110.40.601143. Justin Watson400.4-0.401144. Ryan Miller210.40.601145. Tylan Wallace210.40.601146. Bill Croskey-Merritt1610.40.600147. Aaron Jones1710.40.600148. Breece Hall3600.3-0.300149. Rico Dowdle1300.3-0.310150. Russell Wilson1100.3-0.300151. Kenneth Walker III2710.30.700152. Cade Otton700.3-0.300153. Dont'e Thornton Jr.800.3-0.300154. Theo Johnson800.3-0.300155. DJ Moore1400.3-0.300156. Patrick Mahomes1320.31.700157. Jordan Love600.3-0.300158. Jordan Mason2800.3-0.300159. Jayden Daniels1800.3-0.300160. Bhayshul Tuten1310.30.700161. Jerry Jeudy1600.3-0.300162. KhaDarel Hodge100.3-0.301163. DeVonta Smith900.3-0.300164. Tyreek Hill1300.3-0.300165. Darius Slayton400.3-0.300166. Tony Pollard4000.3-0.300167. Jordan Whittington300.3-0.300168. Kenneth Gainwell2100.3-0.300169. Puka Nacua2210.30.700170. Austin Ekeler2100.3-0.300171. Dontayvion Wicks800.3-0.300172. De'Von Achane3220.31.700173. Julius Chestnut200.3-0.310174. Garrett Wilson1610.30.700175. Jaxon Smith-Njigba2200.2-0.200176. Ladd McConkey1400.2-0.200177. Khalil Shakir1100.2-0.200178. Trey Benson1700.2-0.200179. Trey McBride1600.2-0.200180. Brenton Strange900.2-0.200181. Brock Purdy500.2-0.200182. Adonai Mitchell600.2-0.200183. Kareem Hunt1700.2-0.200184. Sam LaPorta1300.2-0.200185. Casey Washington600.2-0.200186. TreVeyon Henderson1600.2-0.200187. Tee Higgins1010.20.800188. Michael Mayer600.2-0.200189. Isiah Pacheco2000.2-0.200190. Brock Wright310.20.800191. Malik Washington1100.2-0.200192. Ollie Gordon II500.2-0.200193. Daniel Bellinger100.2-0.200194. Michael Pittman Jr.1310.20.800195. Ray Davis1100.2-0.200196. Jackson Hawes200.2-0.200197. Trevor Lawrence600.1-0.100198. Kendre Miller1100.1-0.100199. Luther Burden III300.1-0.100200. Harold Fannin Jr.1500.1-0.100201. J.J. McCarthy710.10.900202. Mason Taylor500.1-0.100203. Ashton Dulin100.1-0.100204. Bryce Young700.1-0.100205. Sterling Shepard1000.1-0.100206. Brian Robinson Jr.1800.1-0.100207. Luke Farrell410.10.900208. Spencer Rattler800.1-0.100209. Kyle Monangai1100.1-0.100210. Austin Hooper400.1-0.100211. Justice Hill1000.1-0.100212. Olamide Zaccheaus1300.1-0.100213. Kyle Juszczyk300.1-0.100214. Antonio Gibson800.1-0.100215. Tank Bigsby500.1-0.100216. LeQuint Allen400.1-0.100217. Tyrone Tracy Jr.2500.1-0.100218. Dalton Schultz900.1-0.100219. Rashod Bateman800.1-0.100220. Parker Washington500.1-0.100221. Najee Harris1200.1-0.100222. Kyle Pitts1300.1-0.100223. AJ Dillon600.1-0.100224. Bo Nix1100.1-0.100225. Cooper Kupp1200.1-0.100226. Tre Harris400.1-0.100227. Tyler Higbee400.1-0.100228. C.J. Stroud900.1-0.100229. RJ Harvey1400.1-0.100230. Colby Parkinson200.1-0.100231. Isaiah Davis500.1-0.100232. Adam Thielen400.1-0.100233. Stefon Diggs1200.1-0.100234. Dare Ogunbowale400.1-0.100235. Ben Skowronek110.10.900236. Dawson Knox700.1-0.100237. Mo Alie-Cox200.1-0.100238. Xavier Smith100.1-0.100239. David Njoku1100.1-0.100240. Chris Brooks600.00.000241. Mac Jones600.00.000242. Isaiah Bond300.00.000243. Jahan Dotson400.00.000244. Trent Sherfield200.00.000245. Andrei Iosivas500.00.000246. Tyler Conklin300.00.000247. Gunnar Helm400.00.000248. Justin Herbert1600.00.000249. Quinshon Judkins1300.00.000250. Savion Williams300.00.000251. Noah Gray600.00.000252. Brycen Tremayne500.00.000253. A.J. Brown1000.00.000254. Zamir White800.00.000255. Samaje Perine200.00.000256. Will Shipley300.00.000257. Jared Goff200.00.000258. Kalif Raymond500.00.000259. Tyler Johnson300.00.000260. Luke McCaffrey100.00.000261. Rasheen Ali100.00.000262. Malik Heath100.00.000263. Dameon Pierce400.00.000264. KeAndre Lambert-Smith100.00.000265. Cole Kmet600.00.000266. Elijah Higgins400.00.000267. Arian Smith300.00.000268. Xavier Hutchinson600.00.000269. Chris Moore100.00.000270. Jayden Higgins400.00.000271. Tyler Lockett400.00.000272. Chigoziem Okonkwo1100.00.000273. JuJu Smith-Schuster800.00.000274. Van Jefferson200.00.000275. Brandin Cooks600.00.000276. Woody Marks700.00.000277. Jaylin Lane600.00.000278. Elijah Arroyo400.00.000279. Drew Sample400.00.000280. D'Wayne Eskridge300.00.000281. Luke Musgrave300.00.000282. Geno Smith700.00.000283. Jeremy McNichols400.00.000284. Baker Mayfield800.00.000285. Johnny Mundt100.00.000286. Tyrod Taylor300.00.000287. Brevyn Spann-Ford200.00.000288. Dak Prescott400.00.000289. Nick Westbrook-Ikhine500.00.000290. Kendrick Bourne300.00.000291. Kyle Williams100.00.000292. Dallas Goedert700.00.000293. Cameron Ward400.00.000294. Luke Schoonmaker300.00.000295. Pat Bryant300.00.000296. Joe Flacco300.00.000297. Trevor Etienne200.00.000298. Kaleb Johnson200.00.000299. T.J. Hockenson700.00.000300. Brashard Smith200.00.000",https://www.espn.com/fantasy/football/story/_/id/46168468/2025-fantasy-football-rankings-nfl-expected-td-opportunity-xtd
Fantasy football consistency ratings: 2023 to 2025,"Sep 16, 2025, 10:26 AM ET",Tristan H. Cockcroft,"Tristan H. CockcroftSep 16, 2025, 10:26 AM ET(Updated through Week 2 of 2025 NFL season)How consistency ratings workUsing fantasy points determined by ESPN's standard scoring, the charts contained in this column rate players based upon how consistently reliable they have been during the 2023 through 2025 seasons, a span of 37 weeks' worth of games (18 weeks in 2023 and 2024 and one so far in 2025). For IDPs (individual defensive players), the scoring from our weekly rankings is used: solo tackle (1.5), assisted tackle (0.75), tackle for loss (2), sack (4), interception (5), forced fumble (4), fumble recovery (4), touchdown (6), safety (2), pass defended (1.5). To familiarize you with the terminology and column headers listed in the charts below:Start%: The player's ""start percentage,"" which shows how often he earned your start in an ESPN standard PPR (points per reception) league. This is his number of ""starts"" -- those defined below -- divided by his number of scheduled team games.CR: The player's ""consistency rating,"" which is calculated as his weekly standard deviation divided by his PPR fantasy points per game average. This is meant to identify the players who were most consistently close to their weekly averages. The lower the number, the more consistent the player. Again, lower numbers are better.nPPR%: The player's start percentage using non-PPR scoring, using ESPN's standard scoring settings without any points per reception.FPTS/G: The player's average PPR fantasy points scored per game.Start: The number of times that the player's point total in a given week was worthy of having had him active in an ESPN standard PPR league.Star: The number of times the player's point total ranked among the best at his position.Stiff: The number of times the player's point total ranked among the worst at his position, making almost any waiver-wire option a smarter choice.These are the benchmarks for what constitutes a ""start,"" ""star"" or ""stiff"" performance:Consistency Ratings BenchmarksQBRBWRTEKD/STDLLBDBStartTop 10Top 25Top 25Top 10Top 10Top 10Top 20Top 20Top 20StarTop 2Top 5Top 5Top 2Top 2Top 2Top 4Top 4Top 4Stiff21st+51st+51st+21st+21st+21st+41st+41st+41st+Sat: The number of times the player missed a game. Players are not charged ""stiff"" points for sitting out, nor does it impact their overall consistency rating (CR), but it hurts their overall start percentage.Players must have a start rate of at least 20% in either standard PPR or non-PPR scoring, rank among the top 20 quarterbacks, tight ends or kickers, top 50 running backs or wide receivers, or top 40 defensive linemen, linebackers or defensive backs, in terms of total fantasy points at their position from 2023 to 2025, or are averaging at least 50 snaps per game, for inclusion in the chart. All defense/special teams are included regardless of whether they meet those minimums.Quick click by position:QuarterbacksRunning backsWide receiversTight endsKickersTeam defense/special teamsDefensive linemenLinebackersDefensive backsQuarterbacksQuarterback (QB) Consistency RatingsPlayerStart%CRnPPR%FPTS/GStartStarStiffSatLamar Jackson72.20.37172.223.426531Josh Allen66.70.45966.722.8241160Jalen Hurts63.90.42963.920.823452Jayden Daniels52.60.41652.620.810240Baker Mayfield44.40.37144.419.016660Jared Goff44.40.47044.418.3164120Justin Herbert41.70.50541.717.715294Brock Purdy36.10.50636.118.113274Joe Burrow36.10.59736.118.513587Patrick Mahomes33.30.38733.318.012222Geno Smith33.30.48433.315.1121132Bo Nix31.60.41831.618.16240Caleb Williams31.60.49231.615.66190Jordan Love30.60.42230.617.311172Dak Prescott30.60.61430.618.111479Tua Tagovailoa27.80.55427.815.9103126Matthew Stafford25.00.47725.014.890133Kyler Murray25.00.53025.017.69189Justin Fields25.00.72225.015.3931211Russell Wilson22.20.51922.216.88168C.J. Stroud22.20.52222.215.381122Kirk Cousins22.20.67622.214.8821014Sam Darnold22.20.84222.212.281147Trevor Lawrence19.40.56219.415.67168Bryce Young13.90.70113.911.952184Cam Ward0.00.8430.06.10020Running backsRunning Back (RB) Consistency RatingsPlayerStart%CRnPPR%FPTS/GStartStarStiffSatBijan Robinson86.10.43277.817.631920Jahmyr Gibbs80.60.50675.018.8291102Josh Jacobs75.00.51166.715.727804Derrick Henry75.00.51577.817.1271030Bucky Irving73.70.49563.214.614320Alvin Kamara72.20.55263.918.226607Kyren Williams69.40.53272.218.425706David Montgomery66.70.51569.415.024306Saquon Barkley66.70.58469.419.2241004Breece Hall66.70.62155.615.824941James Conner63.90.57955.615.523625Rachaad White61.10.52861.113.822431James Cook61.10.54363.915.622801Chuba Hubbard61.10.58152.813.622332De'Von Achane61.10.68350.017.8221046Joe Mixon58.30.56958.316.421815Travis Etienne Jr.58.30.60944.413.221412D'Andre Swift55.60.53855.612.520321Najee Harris55.60.54652.811.420130Christian McCaffrey55.60.60055.622.02011014Jonathan Taylor52.80.62258.317.1196010Dylan Sampson50.00.32150.014.11000Ashton Jeanty50.00.33550.09.71000TreVeyon Henderson50.00.4220.08.61000Tony Pollard50.00.47350.012.618201Aaron Jones Sr.50.00.57744.413.218136Kenneth Walker III50.00.62044.414.518228Brian Robinson Jr.50.00.62452.811.818235Cam Skattebo50.00.92650.08.41000Jacory Croskey-Merritt50.01.11250.08.01010Bhayshul Tuten50.01.22650.08.31010Tyrone Tracy Jr.47.40.65536.810.49130Jaylen Warren44.40.53333.310.316132Jerome Ford44.40.66238.910.816153Rhamondre Stevenson44.40.68150.012.016337Javonte Williams41.70.61533.310.915441Austin Ekeler41.70.64433.311.815318Raheem Mostert41.70.86841.712.115448Rico Dowdle36.10.71538.98.713192Chase Brown36.10.79838.911.013486Kareem Hunt34.40.63843.89.411152Ray Davis31.60.97431.66.360120J.K. Dobbins30.60.55727.814.6112020Alexander Mattison30.60.63133.39.011046Isiah Pacheco30.60.69933.312.2112213Devin Singletary30.60.81927.87.8111122Tyjae Spears25.00.75222.29.29137Tyler Allgeier22.20.75622.27.38180Zach Charbonnet22.20.87127.88.78171Isaac Guerendo21.11.51621.15.241121Justice Hill19.40.80519.47.370123Roschon Johnson16.70.83819.46.060116Samaje Perine13.90.62611.15.750110Antonio Gibson11.10.58319.46.94081Jaleel McLaughlin11.10.76519.46.24083Wide receiversWide Receiver (WR) Consistency RatingsPlayerStart%CRnPPR%FPTS/GStartStarStiffSatCeeDee Lamb75.00.51366.720.727812Amon-Ra St. Brown66.70.46366.719.924831Ladd McConkey57.90.51047.414.711121Terry McLaurin55.60.52952.813.720370Justin Jefferson55.60.57150.018.820547Puka Nacua55.60.58558.318.520656Ja'Marr Chase52.80.66647.220.219951Brian Thomas Jr.52.60.50357.915.910340Malik Nabers52.60.54642.119.010402Tetairoa McMillan50.00.2140.013.91000Emeka Egbuka50.00.41550.018.31100Tyreek Hill50.00.57644.417.7181171Mike Evans50.00.59252.816.518753Elic Ayomanor50.00.92050.09.51010Garrett Wilson47.20.46841.713.817360DeVonta Smith47.20.61041.714.217385A.J. Brown47.20.61344.416.117464Nico Collins47.20.63441.716.917757Davante Adams47.20.66538.916.317453Jakobi Meyers44.40.52141.714.216263Michael Pittman Jr.41.70.53933.313.115092Courtland Sutton41.70.55450.012.915181Stefon Diggs41.70.60630.615.415369Jayden Reed41.70.65641.712.2153101Keenan Allen41.70.69138.916.715876Deebo Samuel41.70.72638.913.7153104Zay Flowers38.90.58436.113.114291Drake London38.90.64336.113.614481Marvin Harrison Jr.36.80.68842.111.57280DK Metcalf36.10.56741.713.313263Jaxon Smith-Njigba36.10.60627.812.2131130DJ Moore36.10.62827.815.113570Cooper Kupp36.10.72933.313.8135910Chris Olave33.30.63725.012.8120610George Pickens33.30.67627.812.012493Jordan Addison33.30.72536.113.612494Xavier Worthy31.60.76931.610.46071Calvin Ridley30.60.64933.312.3113120Adam Thielen30.60.71322.213.011387Khalil Shakir30.60.71819.49.1110162Tee Higgins30.60.74533.314.6114810Josh Downs27.80.63119.410.8101153Rashee Rice27.80.63130.613.9102316Jaylen Waddle27.80.63725.012.010285Brandon Aiyuk27.80.66630.613.5103713Tyler Lockett27.80.73322.29.1100180Rome Odunze26.30.79326.310.151100Jalen McMillan26.30.81131.610.45066Wan'Dale Robinson25.00.58416.710.591122Chris Godwin Jr.25.00.62122.214.592412Rashid Shaheed25.00.68125.011.3901013DeAndre Hopkins25.00.70830.611.393151Jameson Williams25.00.72930.611.09297Tank Dell25.00.75125.012.292911Romeo Doubs22.20.61525.010.280114Jerry Jeudy22.20.66422.211.582111Darnell Mooney22.20.86822.28.681194Ricky Pearsall21.10.93621.19.04086Quentin Johnston19.40.84933.39.172182Alec Pierce16.70.88022.27.860221Jauan Jennings16.71.02816.79.561186Darius Slayton13.90.83316.77.750221Tight endsTight End (TE) Consistency RatingsPlayerStart%CRnPPR%FPTS/GStartStarStiffSatTyler Warren100.00.158100.013.42000Brock Bowers63.20.50357.915.112520George Kittle61.10.60261.114.122794Sam LaPorta58.30.55647.212.421381Trey McBride52.80.58747.213.119591Harold Fannin Jr.50.00.2300.011.71000Travis Kelce50.00.60641.713.318653David Njoku41.70.64933.312.615577Mark Andrews41.70.68136.111.315287Evan Engram38.90.66119.411.714358T.J. Hockenson38.90.68022.211.614289Jonnu Smith38.90.73333.310.2143140Zach Ertz34.40.66025.010.011286Jake Ferguson30.60.61022.29.3110173Hunter Henry30.60.75425.08.7113164Cole Kmet30.60.87922.28.6114190Dalton Kincaid27.80.61319.48.8101115Kyle Pitts Sr.27.80.68727.88.0101160Taysom Hill27.80.87130.610.21011212Dalton Schultz25.00.71822.28.292192Pat Freiermuth22.20.71725.08.383165Juwan Johnson22.20.75225.07.982174Isaiah Likely22.21.00522.26.882223Cade Otton16.70.85619.48.061173Tucker Kraft16.70.86625.07.763170KickersKicker (K) Consistency RatingsPlayerStart%CRnPPR%FPTS/GStartStarStiffSatTyler Loop100.00.057100.012.52000Brandon Aubrey61.10.47361.111.122630Chris Boswell50.00.59050.09.618580Brandon McManus48.40.57348.48.515361Cameron Dicker44.40.52844.49.516580Jake Elliott44.40.57044.48.616390Ka'imi Fairbairn44.40.60044.49.716465Jason Sanders41.70.58741.78.915492Matt Gay38.90.58938.98.3144101Jake Bates36.80.39136.89.27140Will Reichard36.80.57636.89.57224Joshua Karty36.80.71336.87.47280Jason Myers33.30.48433.38.412260Chase McLaughlin33.30.54233.38.412470Harrison Butker33.30.63633.38.312374Wil Lutz33.30.65033.38.1125120Cam Little31.60.59931.67.86370Cairo Santos30.60.58230.67.5114130Daniel Carlson30.60.60630.67.7111130Blake Grupe30.60.62730.67.7112100Tyler Bass27.80.56827.87.910382Evan McPherson27.80.59527.87.6101145Nick Folk27.80.67227.87.7103143Matt Prater27.80.69527.88.0102513Younghoe Koo27.80.69927.87.9102114Joey Slye25.00.63725.06.892140Parker Romo22.20.48922.212.641013Jake Moody22.20.68622.27.48294Chad Ryland21.20.70021.26.771141Eddy Pineiro20.00.55720.06.671102Team defense/special teamsTeam Defense/Special Teams (D/ST) Consistency RatingsPlayerStart%CRnPPR%FPTS/GStartStarStiffSatJets D/ST50.00.98650.06.9185100Ravens D/ST44.40.71344.47.916180Chiefs D/ST44.40.80944.46.816250Texans D/ST44.40.81144.47.4163100Bills D/ST44.40.97044.48.116580Steelers D/ST41.70.76941.77.4152100Eagles D/ST41.70.89541.76.315280Broncos D/ST41.70.92041.77.615710049ers D/ST41.71.01141.76.515490Bears D/ST41.71.34741.75.8152130Packers D/ST38.90.76638.97.2141100Vikings D/ST38.90.89038.97.514560Chargers D/ST38.91.23738.96.1143130Cowboys D/ST38.91.40438.97.3147130Browns D/ST36.10.82236.16.813170Rams D/ST36.10.99136.15.5131110Dolphins D/ST36.11.01836.16.413290Lions D/ST36.11.07636.15.6133100Raiders D/ST36.11.11236.16.0132100Bengals D/ST36.11.13536.15.4131130Buccaneers D/ST33.31.11233.35.7125140Seahawks D/ST33.31.18233.36.2124120Saints D/ST30.61.02330.65.811290Patriots D/ST27.81.07627.84.8101140Colts D/ST27.81.12827.85.9103100Giants D/ST27.81.33127.85.2103160Falcons D/ST27.81.37927.85.6105140Cardinals D/ST25.01.34825.04.391130Jaguars D/ST25.01.43125.04.490130Commanders D/ST25.01.75125.03.391180Titans D/ST22.21.00722.24.780140Panthers D/ST16.72.00716.72.660160Defensive linemenDefensive Lineman (DL) Consistency RatingsPlayerStart%CRnPPR%FPTS/GStartStarStiffSatAndrew Van Ginkel52.60.62752.612.410461Jack Sawyer50.01.41450.07.41010T.J. Watt44.40.69744.412.91610150Danielle Hunter41.70.73641.711.6157160Jonathan Greenard38.90.76838.910.0144192Myles Garrett38.90.78138.911.4146171Brian Burns33.30.62033.39.7122201Josh Hines-Allen30.60.94930.69.1114201Maxx Crosby27.80.64127.811.8104105Harold Landry III27.80.64227.89.5102170Carl Granderson27.80.64227.89.3103190Zach Sieler27.80.64627.89.3103182Nick Bosa27.80.73527.810.5105143Micah Parsons27.80.74127.810.1105174Alex Highsmith27.80.87927.88.7102186Kayvon Thibodeaux27.80.97127.87.7102175Trey Hendrickson25.00.71925.010.394180Yaya Diaby25.00.94425.06.893250Khalil Mack25.01.07625.010.295221Will Anderson Jr.22.20.85722.28.681185Greg Rousseau22.20.88022.27.882242Kobie Turner22.20.89622.27.481230Montez Sweat22.20.89622.27.882221Ed Oliver22.20.93922.27.382215Leonard Williams21.60.81621.68.383211Braden Fiske21.10.95321.16.540140Jonathon Cooper19.40.62319.48.671210Calais Campbell19.40.64919.47.570220Jeffery Simmons19.40.69619.49.172156Byron Young19.40.73819.48.473220Nik Bonitto19.40.73819.48.873192Nnamdi Madubuike19.40.77119.47.472240Aidan Hutchinson19.40.87519.410.6741312Kyle Van Noy18.20.76118.28.062171Quinnen Williams16.70.75816.77.060231Boye Mafe16.70.80816.77.361243Anfernee Jennings13.90.60313.97.750204DeForest Buckner13.90.64113.99.651135A'Shawn Robinson13.90.77413.96.751251Travon Walker13.90.83513.98.053220Zach Allen11.10.80511.17.042261George Karlaftis11.10.81511.16.941192Kwity Paye11.10.87611.17.242243Rashan Gary8.30.9558.37.032250LinebackersLinebacker (LB) Consistency RatingsPlayerStart%CRnPPR%FPTS/GStartStarStiffSatZaire Franklin61.10.47661.115.122881Foyesade Oluokun52.80.49952.814.619574Ernest Jones IV51.40.42451.413.118262Bobby Wagner50.00.40650.013.218580Bobby Okereke50.00.49850.013.918665Demetrius Knight Jr.50.00.68150.010.11010Robert Spillane47.20.39047.213.317780Roquan Smith47.20.51847.213.817592Jordyn Brooks47.20.53547.212.6175121Demario Davis44.40.49444.412.3164131Lavonte David44.40.53744.413.616782Fred Warner44.40.55644.413.4168100T.J. Edwards41.70.46641.713.315581Quincy Williams41.70.50541.713.3154100E.J. Speed41.70.58041.711.5153123Azeez Al-Shaair38.90.53938.912.314386Quay Walker38.90.56538.912.314497Patrick Queen36.10.36136.111.613160Kaden Elliss36.10.41236.112.113490Devin Lloyd36.10.49936.110.7130123Frankie Luvu36.10.61136.111.2136130Germaine Pratt33.30.50933.311.3123120Jeremiah Owusu-Koramoah33.30.61633.313.4124712Blake Cashman33.30.68733.312.1125117Edgerrin Cooper31.60.62331.611.46353Terrel Bernard30.60.58230.613.011484Kenneth Murray Jr.30.60.59030.611.4114105Logan Wilson27.80.47527.812.610146Tremaine Edmunds27.80.48427.810.9101122Alex Singleton27.80.57027.813.9102314Micah McFadden27.80.62127.810.7102155Zack Baun27.80.89127.89.5108191Kyzir White25.00.52425.011.89158Alex Anzalone25.00.60425.011.39398Cody Barton25.00.60425.010.691134Nakobe Dean25.00.61425.012.692616Nate Landman25.00.63925.09.991145Tyrel Dodson25.00.70625.09.091160Ivan Pace Jr.25.00.78225.09.493156Jamien Sherwood25.00.85725.08.394220Daiyan Henley25.01.02425.07.693202Henry To'oTo'o22.20.73022.28.081194Jack Campbell16.70.47316.78.761170Jahlani Tavai16.70.50316.79.461192Christian Rozeboom13.90.51613.98.450210Jihaad Campbell0.00.1060.08.40010Defensive backsDefensive Back (DB) Consistency RatingsPlayerStart%CRnPPR%FPTS/GStartStarStiffSatCraig Woodson50.00.41650.010.61010Andrew Mukuba50.00.73950.011.01010Upton Stout50.00.87550.07.91010Jessie Bates III41.70.58841.712.2158180Brian Branch41.70.62041.712.0156183Antoine Winfield Jr.36.10.63236.113.1134118Budda Baker30.60.49330.612.1113145Kyle Hamilton30.60.64830.611.8114172Julian Love27.80.56027.811.1106200Byron Murphy Jr.27.80.63027.89.5102203Brandon Jones27.80.80327.88.7103202Tykee Smith26.30.79726.39.25284Kevin Byard III25.70.50425.710.994190Derwin James Jr.25.00.47125.011.695172Kenny Moore II25.00.73825.010.393213Nick Cross25.00.83825.07.992220Xavier McKinney22.20.43122.210.682190Cam Bynum22.20.44622.210.881190Kam Curl22.20.56922.29.782222Keisean Nixon22.20.57222.28.682260Tyrique Stevenson22.20.57322.29.181222Reed Blankenship22.20.57322.29.881194Jalen Thompson22.20.57422.29.982214Devon Witherspoon22.20.65322.210.681204Tyler Nubin21.10.62221.19.84194Tarheeb Still21.10.69321.19.042113Kamren Kinchens21.11.10021.17.042150Joshua Metellus19.40.42219.49.971240Tre'von Moehrig19.40.47019.49.573220Julian Blackmon19.40.53719.49.871184Donovan Wilson19.40.54819.48.870232DeShon Elliott19.40.56819.410.071165Kerby Joseph19.40.57719.49.972242Paulson Adebo19.40.66419.412.5741212Kyle Dugger19.40.68719.49.672184Grant Delpit16.70.51116.79.560205Justin Reid16.70.54016.79.661232Xavier Woods16.70.54616.78.961243Geno Stone16.70.60816.77.861270Ja'Quan McMillian16.70.78916.78.363221Mike Sainristil15.80.50015.88.731130Jarvis Brownlee Jr.15.80.55315.88.030140Amani Hooker13.90.54213.910.251167Deommodore Lenoir13.90.60813.98.552232Trent McDuffie13.90.63013.98.653252Zyon McCollum13.90.66113.97.550260Jason Pinnock13.90.71613.98.653232Alontae Taylor11.10.54411.19.442230D.J. Reed11.10.58211.18.441255Taron Johnson11.10.62111.19.742186Rasul Douglas8.60.7268.67.932252Pat Surtain II8.30.6648.37.131301Harrison Smith8.30.6968.39.031243Jaylon Jones8.30.7708.36.531281Brandon Stephens5.60.5535.67.420311Jordan Poyer5.60.5795.68.121254Benjamin St-Juste5.60.5875.67.020301Andre Cisco5.60.6305.66.820263Malik Hooker5.60.6795.66.121301Calen Bullock5.30.4965.36.310170Riq Woolen2.80.6062.86.610293A.J. Terrell Jr.2.80.6162.85.810320Malaki Starks0.00.0670.07.90020Will Johnson0.00.0940.05.60020Xavier Watts0.00.2220.010.40010Sauce Gardner0.00.5420.06.000313Terrion Arnold0.00.5580.06.600151Marques Sigle0.00.5660.08.80010Quinyon Mitchell0.00.6470.05.300171",https://www.espn.com/fantasy/football/story/_/id/46208309/fantasy-football-consistency-ratings-2023-2025
"Everything fantasy football managers need to know about Joe Burrow injury, from Bengals offense to replacement QB options","Sep 15, 2025, 12:19 PM ET",ESPN Fantasy Staff,"ESPN FantasySep 15, 2025, 12:19 PM ETThe Cincinnati Bengals will be without Joe Burrow for the next three months, sources told ESPN's Adam Schefter. Burrow was fantasy football's consensus No. 5 quarterback in preseason drafts and the Bengals offense was expected to provide opportunities for Ja'Marr Chase, Tee Higgins and Chase Brown to star on fantasy rosters. In addition, Chase was the consensus No.1 player picked in ESPN Fantasy drafts. So what now?To help you navigate this injury, we've aggregated all of the fantasy-relevant information published on ESPN.com since the severity of the injury was first reported.Pick-up options to replace BurrowDon't assume that whoever starts under center for the Bengals next week needs to be your Burrow replacement, either.  Here's what Eric Karabell had to say about in our weekly waiver wire column.""We start with this career backup, but many fantasy managers can do better in single-QB formats. Browning, 29, made seven starts during the 2023 season, and he played capably ... in Sunday's win over the Jaguars, though that included three interceptions. He gets to throw to excellent WRs Ja'Marr Chase and Tee Higgins, and RB Chase Brown isn't so bad, either. Still, he may be more for the SuperFlex/2QB community. The Bengals play challenging opponents in Minnesota and Denver over the next two weeks.""In fact, Tristan H. Cockcroft, who tracks positional strength of schedule for his weekly Matchup maps, noted in Week 2 winners and losers that the injury ""comes at a terrible time in the schedule for the quarterback, with games against the Vikings, Broncos, Lions and Packers in the next four weeks representing the position's toughest upcoming slate.""Karabell lists the following quarterbacks in order as potential additionsMatthew Stafford, Rams (Available in 66% of leagues)Daniel Jones, Colts (79%)Mac Jones, 49ers (99%)For streaming purposes and deeper leagues, Karabell warns against overreliance on Russell Wilson after his big game against the Cowboys, noting a schedule that includes the Kansas City Chiefs and the Los Angeles Chargers, as well as the looming presence of rookie Jaxson Dart. Tua Tagovailoa plays Thursday against the Bills and that may not be an ideal situation for him, either.The Bengals offense without BurrowMatt Bowen addressed the X's and O's of the Bengals offense expressing more concern for Higgins than for Chase or Brown.""When Browning relieved Burrow in '23, he averaged 19.1 points per game. An aggressive thrower, Browning will attack tight windows and push the ball to the third level of the defense.""That works for Chase, who will remain a volume target with top-3 upside in weekly rankings. Higgins still has breakout-game ability with Browning at QB, due to his formation flexibility and vertical presence; however, Higgins will slide into the WR3 range.""In the run game, Brown will get the touches to stick in the RB2 mix, while he has the traits to produce as an underneath outlet for Browning on checkdowns and screens.""Burrow's recoveryStephania Bell explained the details of Burrow's toe injury, laying out a general 12-to-14 week (or longer) timeline after a surgery before an athlete can return to play, but reminds us that recovery time and successful return to play can vary depending on factors unique to the athlete.As for how the injury affects a quarterback in particular, Bell wrote that ""whether it is driving through the leg to throw, dropping back to pass, pivoting to hand off the ball or, perhaps most importantly, having enough mobility to protect oneself, the big toe plays a critical role for a quarterback. The ability to perform all aspects of the position without limitation is crucial for a successful return.""Footwear adaptation, such as a more rigid shoe or a carbon fiber insert to limit motion of the involved joint, is typically part of the plan, as well.""",https://www.espn.com/fantasy/football/story/_/id/46271034/fantasy-football-joe-burrow-injury
"Sources: Bengals' Joe Burrow to have toe surgery, out 3 months","Sep 15, 2025, 08:36 AM ET",Ben Baby,"Ben BabySep 15, 2025, 08:36 AM ETCloseBen Baby covers the Cincinnati Bengals for ESPN. He joined the company in July 2019. Prior to ESPN, he worked for various newspapers in Texas, most recently at The Dallas Morning News where he covered college sports. He provides daily coverage of the Bengals for ESPN.com, while making appearances on SportsCenter, ESPN's NFL shows and ESPN Radio programs. A native of Grapevine, Texas, he graduated from the University of North Texas with a bachelor's degree in journalism. He is an adjunct journalism professor at Southern Methodist University and a member of the Asian American Journalists Association (AAJA).Follow on XCincinnati Bengals quarterback Joe Burrow will undergo toe surgery, coach Zac Taylor said on Monday, and it will sideline him a minimum of three months, sources told ESPN's Adam Schefter.Burrow suffered the turf toe injury in the first half of Cincinnati's game Sunday against the Jacksonville Jaguars. Images of his left toe were sent to noted foot specialist Dr. Robert Anderson to be reviewed, sources told Schefter.With Burrow sidelined for the majority of the season, the Bengals are expected to turn to backup Jake Browning as their starting quarterback.Joe Burrow's injury history as a BengalSince drafting Joe Burrow in 2020, the Bengals are two games under .500 and have averaged fewer than 20 points in 14 games without him starting.
• Torn ACL & MCL in 2020 (missed 6 games)• Dislocated pinkie finger in '21• MCL sprain in Super Bowl LVI• Played through calf injury in '23• Wrist injury in '23 (missed 7 games)• Turf toe, out at least 3 months in '25-- ESPN ResearchA potential surgery date is yet to be determined, Taylor said. A timeline for the next step in the process should be finalized within the next couple of days.""There's not a lot we can do right now for Joe other than I feel terrible for him because he put in all the work,"" Taylor said. ""For him to have to go through this is the worst part of it. But as a football team, we just have to continue to move forward.""Following the injury, the Bengals' Super Bowl odds moved from 20-1 to 75-1 at ESPN BET. Cincinnati went from a -155 favorite to make the playoffs on Sunday to a +210 underdog to reach the postseason at the sportsbook.Cincinnati believes the injury occurred when Burrow was sacked by Jaguars defensive end Arik Armstead with 8:36 remaining in the first half.Throughout his comments on Monday, Taylor stood behind the team's offensive line after a game in which Burrow was pressured on five of his 13 dropbacks and was sacked twice, according to Next Gen Stats. Taylor said the injury was due to all 11 offensive players not being on the same page and not solely on the offensive line.Cincinnati's seventh-year coach also gave a strong defense for the team's attacking play style that leans on the passing game. Taylor said those methods enabled Cincinnati to play for the Super Bowl in 2021 and make a return trip to the AFC Championship Game in 2022, as well as win two AFC North division titles.""We're always evaluating how we can protect our players and put them in the best position possible,"" Taylor said. ""I take accountability for that, and if people want to blame me for putting him in a position, I'm fine taking that.""Browning started seven games in 2023 when Burrow suffered a season-ending wrist injury. Cincinnati did not have another quarterback on its active roster as of Monday evening. Brett Rypien is on the Bengals' practice squad.Editor's PicksJoe Burrow out with turf toe: What is it, and what will 3 months away mean for the QB, Bengals?1dBen Baby, +2 MoreTakeaways from every NFL Week 2 game: More Baker magic, Khalil Mack hurt in Chargers win19hNFL NationLet's overreact to NFL Week 2: The Lions are still elite, but what happened to the Chiefs and Eagles?2dDan Graziano2 RelatedTaylor and Bengals offensive coordinator Dan Pitcher both emphasized that the team will evaluate its options to bring in a third quarterback for depth. Both also expressed confidence in Browning, who helped lead Cincinnati to a comeback win against the Jaguars. Between being on the practice squad and the active roster, Browning has spent five seasons with the Bengals.Over the years, Browning has made a strong impression on players and coaches inside the building.""They see what he does every day,"" Pitcher said. ""They see his work ethic, they see how he interacts with his teammates. He's done nothing but the best thing possible for the football team from the day he's walked in this door in 2021. And those things go a long way.""Despite the injury to Burrow, Taylor said the energy and confidence in the locker room is ""sky high."" That stemmed from Cincinnati's chance -- despite numerous missed plays versus the Jaguars -- to improve on the team's first 2-0 start since 2018, the year before Taylor was hired. Bengals wide receiver Andrei Iosivas said film review of the team's offensive meeting consisted entirely of bad plays that needed to be fixed.""You need to set a tone early,"" Iosivas said. ""[Training camp] is one thing. But then the regular season comes in and then you really see what is happening.""The Bengals believe that even with Burrow sidelined for potentially the next few months, if not the whole season, Browning can still lead the team to the postseason.""I feel very confident in Jake,"" Taylor said. ""I think Jake has proven his caliber in this league and he can help us win football games and contend for all the things that we want to contend for.""ESPN's David Purdum contributed to this report.",https://www.espn.com/nfl/story/_/id/46268673/sources-bengals-joe-burrow-needs-toe-surgery-3-months
Fantasy football 2025 defensive depth charts,"Sep 16, 2025, 01:17 PM ET",Mike Clay,"Mike ClaySep 16, 2025, 01:17 PM ETCloseMike Clay is a senior writer for fantasy football and the NFL at ESPN. Mike is a member of the FSWA Hall of Fame. His projections power the ESPN Fantasy Football game, and he also appears on ""Fantasy Football Now"" and the Fantasy Focus Football podcast.Follow on XNOTE: These depth charts will be updated throughout the offseason and the 2025 NFL regular season. They do not include unrestricted free agents. Once players sign with a team, they will be added.If you are looking for offensive depth charts, click here.Scan through all 32 teams alphabetically below, or click the abbreviation to skip ahead to a specific team.Fantasy defensive depth chartsARI | ATL | BAL | BUF | CAR | CHI | CIN | CLEDAL | DEN | DET | GB | HOU | IND | JAC | KCLV | LAC | LAR | MIA | MIN | NE | NO | NYGNYJ | PHI | PIT | SF | SEA | TB | TEN | WAS ARIZONA CARDINALSIntDarius RobinsonDante StillsCalais CampbellDalvin TomlinsonEdgeJosh SweatBaron BrowningZaven CollinsJordan BurchLBMack WilsonAkeem Davis-GaitherCody SimonOwen PappoeCBGarrett WilliamsMax MeltonWill JohnsonDenzel BurkeSBudda BakerJalen ThompsonDadrion Taylor-DemersonKitan CrawfordBACK TO TOP ATLANTA FALCONSIntZach HarrisonDavid OnyemataBrandon DorlusRuke OrhorhoroEdgeLeonard FloydJalon WalkerJames Pearce Jr.Arnold EbiketieLBKaden EllissDivine DeabloJD BertrandJosh WoodsCBA.J. TerrellMike HughesBilly Bowman Jr.Dee AlfordSJessie Bates IIIXavier WattsDeMarcco HellamsBACK TO TOP BALTIMORE RAVENSIntJustin MadubuikeTravis JonesBroderick Washington Jr.John JenkinsEdgeKyle Van NoyTavius RobinsonOdafe OwehMike GreenLBRoquan SmithTeddye BuchananTrenton SimpsonJake HummelCBMarlon HumphreyNate WigginsChidobe AwuzieT.J. TampaSKyle HamiltonMalaki StarksSanoussi KaneReuben Lowery IIIBACK TO TOP BUFFALO BILLSIntEd OliverDaQuan JonesT.J. SandersDeone WalkerEdgeGregory RousseauJoey BosaAJ EpenesaJavon SolomonLBTerrel BernardMatt MilanoDorian WilliamsShaq ThompsonCBChristian BenfordTre'Davious WhiteTaron JohnsonDorian StrongSTaylor RappCole BishopCameron LewisDamar HamlinBACK TO TOP CAROLINA PANTHERSIntDerrick BrownA'Shawn RobinsonBobby Brown IIITershawn WhartonEdgeD.J. WonnumPatrick Jones IINic ScourtonDJ JohnsonLBChristian RozeboomTrevin WallaceClaudin CherelusBam Martin-ScottCBJaycee HornMichael JacksonChau Smith-WadeAkayleb EvansSTrevon MoehrigNick ScottLathan RansomDemani RichardsonBACK TO TOP CHICAGO BEARSIntGrady JarrettGervon Dexter Sr.Andrew BillingsChris WilliamsEdgeDayo OdeyingboMontez SweatDominique RobinsonDaniel HardyLBT.J. EdwardsTremaine EdmundsNoah SewellRuben Hyppolite IICBTyrique StevensonKyler GordonNahshon WrightNick McCloudSJaquan BriskerKevin ByardJonathan OwensElijah HicksBACK TO TOP CINCINNATI BENGALSIntB.J. HillKris JenkinsTedarrell SlatonMike PennelEdgeTrey HendricksonJoseph OssaiShemar StewartMyles MurphyLBLogan WilsonDemetrius Knight Jr.Oren BurksBarrett CarterCBCam Taylor-BrittDaxton HillDJ TurnerJosh NewtonSGeno StoneJordan BattleTycen AndersonPJ JulesBACK TO TOP CLEVELAND BROWNSIntMason GrahamMaliek CollinsShelby HarrisAdin HuntingtonEdgeMyles GarrettIsaiah McGuireAlex WrightCameron ThomasLBCarson SchwesingerDevin BushJerome BakerMohamoud DiabateCBDenzel WardGreg Newsome IIMyles HardenCameron MitchellSGrant DelpitRonnie HickmanRayshawn JenkinsDamontae KazeeBACK TO TOP DALLAS COWBOYSIntOsa OdighizuwaKenny ClarkSolomon ThomasJay ToiaEdgeSam WilliamsMarshawn KneelandDante Fowler Jr.Donovan EzeiruakuLBKenneth Murray Jr.Jack SanbornDamone ClarkMarist LiufauCBTrevon DiggsDaRon BlandKaiir ElamReddy StewardSMalik HookerDonovan WilsonMarkquese BellJuanyeh ThomasBACK TO TOP DENVER BRONCOSIntZach AllenJohn Franklin-MyersD.J. JonesEyioma UwazurikeEdgeJonathon CooperNik BonittoJonah EllissDondrea TillmanLBAlex SingletonDre GreenlawJustin StrnadKarene ReidCBPatrick Surtain IIRiley MossJa'Quan McMillianJahdae BarronSTalanoa HufangaBrandon JonesP.J. LockeDevon KeyBACK TO TOP DETROIT LIONSIntD.J. ReaderTyleik WilliamsRoy LopezPatrick O'ConnorEdgeAidan HutchinsonMarcus DavenportAl-Quadin MuhammadTrevor NowaskeLBJack CampbellAlex AnzaloneDerrick BarnesZach CunninghamCBTerrion ArnoldD.J. Reed Jr.Amik RobertsonKhalil DorseySBrian BranchKerby JosephAvonte MaddoxDaniel ThomasBACK TO TOP GREEN BAY PACKERSIntDevonte WyattKarl BrooksColby WoodenNazir StackhouseEdgeMicah ParsonsRashan GaryLukas Van NessKingsley EnagbareLBQuay WalkerEdgerrin CooperIsaiah McDuffieTy'Ron HopperCBKeisean NixonJavon BullardNate HobbsCarrington ValentineSXavier McKinneyEvan WilliamsZayne AndersonKitan OladapoBACK TO TOP HOUSTON TEXANSIntSheldon RankinsTim SettleMario Edwards Jr.Folorunso FatukasiEdgeDanielle HunterWill Anderson Jr.Derek BarnettDarrell TaylorLBAzeez Al-ShaairHenry To'oTo'oChristian HarrisE.J. SpeedCBDerek Stingley Jr.Kamari LassiterJalen PitreJaylin SmithSChauncey Gardner-JohnsonCalen BullockM.J. StewartBACK TO TOP INDIANAPOLIS COLTSIntDeForest BucknerGrover StewartNeville GallimoreAdetomiwa AdebaworeEdgeKwity PayeLaiatu LatuSamson EbukamTyquan LewisLBZaire FranklinJoe BachieCameron McGroneChad MumaCBCharvarius WardKenny Moore IIXavien HowardMekhi BlackmonSCamryn BynumNick CrossRodney Thomas IIDaniel ScottBACK TO TOP JACKSONVILLE JAGUARSIntArik ArmsteadDawuane SmootDavon HamiltonAustin JohnsonEdgeJoshua Hines-AllenTravon WalkerEmmanuel OgbahDennis GardeckLBFoyesade OluokunDevin LloydVentrell MillerJack KiserCBTyson CampbellJourdan LewisJarrian JonesTravis HunterSEric MurrayAndrew WingardDarnell SavageAntonio JohnsonBACK TO TOP KANSAS CITY CHIEFSIntChris JonesJerry TilleryDerrick NnadiOmarr Norman-LottEdgeGeorge KarlaftisMike DannaCharles OmenihuAshton GillotteLBNick BoltonDrue TranquillLeo ChenalJack CochraneCBTrent McDuffieJaylen WatsonKristian FultonNohl WilliamsSBryan CookChamarri ConnerJaden HicksBACK TO TOP LAS VEGAS RAIDERSIntAdam ButlerThomas BookerJonah LauluLeki FotuEdgeMaxx CrosbyMalcolm KoonceTyree WilsonCharles SnowdenLBDevin WhiteGermaine PrattElandon RobertsJamal AdamsCBEric StokesKyu Blu KellyDarnay HolmesDarien PorterSJeremy ChinnIsaiah Pola-MaoChris Smith IITristin McCollumBACK TO TOP LOS ANGELES CHARGERSIntDa'Shawn HandTeair TartJamaree CaldwellJustin EboigbeEdgeTuli TuipulotuKhalil MackBud DupreeCaleb MurphyLBDaiyan HenleyTroy DyeDel'Shawn PhillipsMarlowe WaxCBTarheeb StillDonte JacksonCam HartBenjamin St-JusteSDerwin James Jr.Alohi GilmanElijah MoldenKendall WilliamsonBACK TO TOP LOS ANGELES RAMSIntKobie TurnerBraden FiskePoona FordTyler DavisEdgeJared VerseByron YoungJosaiah StewartNick HamptonLBNate LandmanOmar SpeightsTroy ReederShaun DolacCBQuentin LakeEmmanuel ForbesDecobie DurantDarious WilliamsSKamren CurlKamren KinchensJaylen McColloughJosh WallaceBACK TO TOP MIAMI DOLPHINSIntZach SielerKenneth GrantJordan PhillipsMatthew ButlerEdgeBradley ChubbJaelan PhillipsChop RobinsonMatthew JudonLBJordyn BrooksTyrel DodsonWillie GayK.J. BrittCBStorm DuckJack JonesJason Marshall Jr.Rasul DouglasSMinkah FitzpatrickIfeatu MelifonwuDante Trader Jr.Ashtyn DavisBACK TO TOP MINNESOTA VIKINGSIntJonathan AllenJavon HargraveJalen RedmondLevi Drake RodriguezEdgeJonathan GreenardAndrew Van GinkelDallas TurnerTyrion Ingram-DawkinsLBBlake CashmanIvan Pace Jr.Eric WilsonChaz ChamblissCBByron MurphyIsaiah RodgersJeff OkudahDwight McGlothernSHarrison SmithJosh MetellusTheo JacksonJay WardBACK TO TOP NEW ENGLAND PATRIOTSIntChristian BarmoreMilton WilliamsKhyiris TongaJoshua FarmerEdgeHarold Landry IIIK'Lavon ChaissonKeion WhiteElijah PonderLBRobert SpillaneChristian EllissJack GibbensMarte MapuCBChristian GonzalezCarlton DavisMarcus JonesAlex AustinSJaylinn HawkinsCraig WoodsonKyle DuggerDell PettusBACK TO TOP NEW ORLEANS SAINTSIntBryan BreseeNathan ShepherdDavon GodchauxJonah WilliamsEdgeCarl GrandersonChase YoungCameron JordanChris Rumph IILBDemario DavisPete WernerDanny StutsmanJaylan FordCBKool-Aid McKinstryAlontae TaylorIsaac YiadomUgochukwu AmadiSJustin ReidJonas SankerJordan HowdenBACK TO TOP NEW YORK GIANTSIntDexter LawrenceRoy Robertson-HarrisRakeem Nunez-RochesD.J. DavidsonEdgeBrian BurnsKayvon ThibodeauxAbdul CarterChauncey GolstonLBBobby OkerekeDarius MuasauChris BoardDemetrius Flannigan-FowlesCBPaulson AdeboCordale FlottAndru PhillipsDeonte BanksSJevon HollandTyler NubinDane BeltonBeau BradeBACK TO TOP NEW YORK JETSIntQuinnen WilliamsHarrison PhillipsJay TufeleJowon BriggsEdgeJermaine Johnson IIWill McDonald IVMicheal ClemonsBraiden McGregorLBQuincy WilliamsJamien SherwoodMarcelino McCrary-BallFrancisco MauigoaCBAhmad GardnerBrandon StephensMichael Carter IIIsaiah OliverSTony AdamsAndre CiscoMalachi MooreBACK TO TOP PHILADELPHIA EAGLESIntJalen CarterMoro OjomoJordan DavisByron YoungEdgeNolan SmithJalyx HuntZa'Darius SmithJosh UcheLBZack BaunNakobe DeanJihaad CampbellJeremiah Trotter Jr.CBQuinyon MitchellCooper DeJeanAdoree' JacksonJakorian BennettSReed BlankenshipAndrew MukubaSydney BrownBACK TO TOP PITTSBURGH STEELERSIntCameron HeywardKeeanu BentonDerrick HarmonYahya BlackEdgeT.J. WattAlex HighsmithNick HerbigJack SawyerLBPatrick QueenPayton WilsonCole HolcombCarson BruenerCBJalen RamseyDarius SlayJoey Porter Jr.Brandin EcholsSDeShon ElliottJuan ThornhillChuck ClarkJabrill PeppersBACK TO TOP SAN FRANCISCO 49ERSIntJordan ElliottKalia DavisYetur Gross-MatosAlfred CollinsEdgeNick BosaMykel WilliamsBryce HuffSam OkuayinonuLBFred WarnerDee WintersLuke GiffordTatum BethuneCBDeommodore LenoirRenardo GreenUpton StoutChase LucasSJason PinnockMarques SigleJi'Ayir BrownBACK TO TOP SEATTLE SEAHAWKSIntLeonard WilliamsByron Murphy IIJarran ReedMike MorrisEdgeUchenna NwosuBoye MafeDeMarcus LawrenceDerick HallLBErnest JonesTyrice KnightDrake ThomasChazz SurrattCBDevon WitherspoonTariq WoolenJosh JobeDerion KendrickSJulian LoveCoby BryantNick EmmanworiTy OkadaBACK TO TOP TAMPA BAY BUCCANEERSIntCalijah KanceyVita VeaLogan HallGreg GainesEdgeHaason ReddickYaYa DiabyAnthony NelsonChris BraswellLBLavonte DavidSirVocea DennisDeion JonesJohn BullockCBJamel DeanZyon McCollumJacob ParrishBenjamin MorrisonSAntoine Winfield Jr.Tykee SmithKaevon MerriweatherChristian IzienBACK TO TOP TENNESSEE TITANSIntJeffery SimmonsT'Vondre SweatSebastian Joseph-DayJames LynchEdgeDre'mont JonesOluwafemi OladejoArden KeyJihad WardLBCody BartonCedric GrayJames WilliamsDorian MausiCBL'Jarius SneedJarvis Brownlee Jr.Roger McCrearyDarrell Baker Jr.SAmani HookerXavier WoodsQuandre DiggsKevin Winston Jr.BACK TO TOP WASHINGTON COMMANDERSIntDaron PayneJavon KinlawEddie GoldmanJer'Zhan NewtonEdgeDorance ArmstrongVon MillerJacob MartinJavontae Jean-BaptisteLBBobby WagnerFrankie LuvuJordan MageeAle KahoCBMike SainristilMarshon LattimoreTrey AmosJonathan JonesSJartavius MartinWill HarrisJeremy ReavesTyler OwensBACK TO TOP",https://www.espn.com/fantasy/football/story/_/id/43810344/fantasy-football-2025-defensive-depth-charts
"Fantasy football Week 2 inactives: Status for Worthy, Purdy and others","Sep 14, 2025, 02:58 PM ET",ESPN Fantasy Staff,"ESPN FantasySep 14, 2025, 02:58 PM ETWhom should you start? Whom should you sit? To help you set your fantasy football lineups and avoid starting an offensive player who won't be in the lineup, we'll post fantasy-relevant updates and analysis here as NFL teams release their official inactives lists.Official Sunday inactives should begin coming in approximately 90 minutes before the scheduled kickoff times: around 11:30 a.m. ET for the early games and 2:30 p.m. ET for the late-afternoon games.Refresh often for the latest information.Don't forget to check these out: Mike Clay's Playbook | Week 2 Buzz
Week 2 Rankings | Expert chat (noon-1 p.m. ET)What we were watching for lateTyler Goodson, RB, IND (elbow): If he had been able to play, he would still have had to compete with DJ Giddens for backup touches behind Jonathan Taylor. However, it's a moot point as Goodson has been declared inactive.Brock Bowers, TE, LV (knee): Currently, coach Pete Carroll expects Bowers to be available to play on Monday. That said, we're not going to know for certain until then, leaving few other options for you to make a pivot, should he need to sit.Ruled out prior to SundayYounghoe Koo, K, ATL: In what could be a precursor to a permanent change, Koo did not travel with the Falcons to Minnesota. Parker Romo will handle kicking duties.Isaiah Likely, TE, BAL (foot): Mark Andrews had only one catch in last week's high-scoring affair. At least he won't have any real competition for TE targets in Week 2.Nate Adkins, TE, DEN (ankle): Fortunately for the Broncos, Evan Engram (calf) was able to fully practice toward the end of the week after leaving Week 1 action early. He will be able to return to the TE position.Xavier Worthy, WR, KC (shoulder): Hollywood Brown should have another busy Sunday, with JuJu Smith-Schuster also potentially in the mix for some positive workload.Darren Waller, TE, MIA (hip): Neither Tanner Conner nor Julian Hill did anything in Week 1 with the veteran missing from the huddle. Don't expect much to change in Week 2.Josh Reynolds, WR, NYJ (hamstring): Perhaps this means that veteran Allen Lazard or maybe even rookie Arian Smith will see some targets?Will Shipley, RB, PHI (oblique): Newly acquired Tank Bigsby could see some action behind Saquon Barkley.Dallas Goedert, TE, PHI (knee): Grant Calcaterra and Kylen Granson will see more playing time, but Goedert's targets will likely get spread out among the team's WR corps.Joey Porter Jr., CB, PIT (hamstring): Give all of Seattle's receivers a slight upgrade in potential fantasy value.Brock Purdy, QB, SF (toe): He could be out for multiple weeks. Mac Jones is expected to lead this 49ers offense.George Kittle, TE, SF (hamstring): He has been placed on IR. Jake Tonges will attempt to fill the TE void until at least Week 6.What we were watching for earlyQuinshon Judkins, RB, CLE: Officially, he was listed as questionable entering Sunday, but perhaps the better term would be ""rusty."" He is active, but keep in mind he missed all of the preseason, having signed his first contract just last week. Dylan Sampson and Jerome Ford, both ineffective in Week 1, will also be in the mix for carries here.Jaylen Wright, RB, MIA (knee): Wright, as expected, is inactive today. De'Von Achane should once again get most of the carries behind an already depleted offensive line.Wan'Dale Robinson, WR, NYG (ankle): He did practice in limited fashion late in the week, so there's optimism here he can play a full 60 minutes. He is active. Darius Slayton (groin) was removed from the team's final injury report. The Cowboys will be without CB DaRon Bland.Jauan Jennings, WR, SF (shoulder): Early morning reports said he was expected to play and he is indeed active. Even so, the QB situation in San Francisco downgrades him a bit. Jordan Watkins (ankle) was not on the week's final injury report. He'll also be in the WR mix.",https://www.espn.com/fantasy/football/story/_/page/FFSundayInactives-46205936/nfl-fantasy-football-espn-injured-inactives-watchlist-week-2-2025-september-14
