name,position,team
49ers D/ST,D/ST,49ers
Bears D/ST,D/ST,Bears
Bengals D/ST,D/ST,Bengals
Bills D/ST,D/ST,Bills
Broncos D/ST,D/ST,Broncos
Browns D/ST,D/ST,Browns
Buccaneers D/ST,D/ST,Buccaneers
Cardinals D/ST,D/ST,Cardinals
Chargers D/ST,D/ST,Chargers
Chiefs D/ST,D/ST,Chiefs
Colts D/ST,D/ST,Colts
Commanders D/ST,D/ST,Commanders
Cowboys D/ST,D/ST,Cowboys
Dolphins D/ST,D/ST,Dolphins
Eagles D/ST,D/ST,Eagles
Falcons D/ST,D/ST,Falcons
Giants D/ST,D/ST,Giants
Jaguars D/ST,D/ST,Jaguars
Jets D/ST,D/ST,Jets
Lions D/ST,D/ST,Lions
Packers D/ST,D/ST,Packers
Panthers D/ST,D/ST,Panthers
Patriots D/ST,D/ST,Patriots
Raiders D/ST,D/ST,Raiders
Rams D/ST,D/ST,Rams
Ravens D/ST,D/ST,Ravens
Saints D/ST,D/ST,Saints
Seahawks D/ST,D/ST,Seahawks
Steelers D/ST,D/ST,Steelers
Texans D/ST,D/ST,Texans
Titans D/ST,D/ST,Titans
Vikings D/ST,D/ST,Vikings
Anders Carlson,K,FA
Andre Szmyt,K,Browns
Andy Borregales,K,Patriots
Austin Seibert,K,FA
Blake Grupe,K,Saints
Brandon Aubrey,K,Cowboys
Brandon McManus,K,Packers
Brayden Narveson,K,FA
Brett Maher,K,FA
Cade York,K,FA
Caden Davis,K,FA
Cairo Santos,K,Bears
Caleb Shudak,K,FA
Cam Little,K,Jaguars
Cameron Dicker,K,Chargers
Chad Ryland,K,Cardinals
Chase McLaughlin,K,Buccaneers
Chris Boswell,K,Steelers
Christopher Dunn,K,FA
Daniel Carlson,K,Raiders
Dustin Hopkins,K,FA
Eddy Pineiro,K,FA
Evan McPherson,K,Bengals
Graham Gano,K,Giants
Greg Joseph,K,FA
Greg Zuerlein,K,FA
Harrison Butker,K,Chiefs
Harrison Mevis,K,FA
Jake Bates,K,Lions
Jake Elliott,K,Eagles
Jake Moody,K,FA
James McCourt,K,FA
Jason Myers,K,Seahawks
Jason Sanders,K,Dolphins
Joey Slye,K,Titans
Jonathan Garibay,K,FA
Joshua Karty,K,Rams
Jude McAtamney,K,FA
Justin Tucker,K,FA
Ka'imi Fairbairn,K,Texans
Lucas Havrisik,K,FA
Mason Crosby,K,FA
Matt Ammendola,K,FA
Matt Gay,K,Commanders
Matt Prater,K,Bills
Matthew Wright,K,FA
Michael Badgley,K,FA
Nick Folk,K,Jets
Nick Sciba,K,FA
Parker Romo,K,FA
Randy Bullock,K,FA
Riley Patterson,K,Dolphins
Ryan Fitzgerald,K,Panthers
Spencer Shrader,K,Colts
Tanner Brown,K,FA
Tyler Bass,K,Bills
Tyler Loop,K,Ravens
Wil Lutz,K,Broncos
Will Reichard,K,Vikings
Younghoe Koo,K,Falcons
Zane Gonzalez,K,FA
AJ McCarron,QB,Bengals
Aaron Rodgers,QB,Steelers
Aidan O'Connell,QB,Raiders
Andy Dalton,QB,Panthers
Anthony Brown Jr.,QB,FA
Anthony Richardson Sr.,QB,Colts
Bailey Zappe,QB,FA
Baker Mayfield,QB,Buccaneers
Ben DiNucci,QB,FA
Blaine Gabbert,QB,FA
Bo Nix,QB,Broncos
Brandon Allen,QB,Titans
Brett Rypien,QB,FA
Brian Hoyer,QB,Raiders
Brock Purdy,QB,49ers
Bryce Young,QB,Panthers
C.J. Beathard,QB,FA
C.J. Stroud,QB,Texans
Caleb Williams,QB,Bears
Cam Miller,QB,FA
Cam Ward,QB,Titans
Carson Strong,QB,FA
Carson Wentz,QB,Vikings
Case Keenum,QB,Bears
Chris Oladokun,QB,FA
Clayton Tune,QB,FA
Cooper Rush,QB,Ravens
Dak Prescott,QB,Cowboys
Daniel Jones,QB,Colts
Davis Mills,QB,Texans
Derek Carr,QB,Saints
Deshaun Watson,QB,Browns
Desmond Ridder,QB,FA
Devin Leary,QB,FA
Dillon Gabriel,QB,Browns
Dorian Thompson-Robinson,QB,FA
Drake Maye,QB,Patriots
Drew Lock,QB,Seahawks
Easton Stick,QB,FA
Gardner Minshew,QB,Chiefs
Geno Smith,QB,Raiders
Graham Mertz,QB,Texans
Hendon Hooker,QB,FA
Ian Book,QB,FA
J.J. McCarthy,QB,Vikings
Jacoby Brissett,QB,Cardinals
Jake Browning,QB,Bengals
Jake Fromm,QB,FA
Jake Haener,QB,FA
Jalen Hurts,QB,Eagles
Jalen Milroe,QB,Seahawks
Jameis Winston,QB,Giants
Jared Goff,QB,Lions
Jaren Hall,QB,FA
Jarrett Stidham,QB,Broncos
Jaxson Dart,QB,Giants
Jayden Daniels,QB,Commanders
Jeff Driskel,QB,FA
Jimmy Garoppolo,QB,Rams
Joe Burrow,QB,Bengals
Joe Flacco,QB,Browns
Joe Milton III,QB,Cowboys
John Wolford,QB,FA
Jordan Love,QB,Packers
Jordan Travis,QB,FA
Josh Allen,QB,Bills
Josh Johnson,QB,Commanders
Joshua Dobbs,QB,Patriots
Justin Fields,QB,Jets
Justin Herbert,QB,Chargers
Kenny Pickett,QB,Raiders
Kirk Cousins,QB,Falcons
Kurtis Rourke,QB,49ers
Kyle Allen,QB,Lions
Kyle McCord,QB,FA
Kyle Trask,QB,FA
Kyler Murray,QB,Cardinals
Lamar Jackson,QB,Ravens
Logan Woodside,QB,FA
Mac Jones,QB,49ers
Malik Willis,QB,Packers
Marcus Mariota,QB,Commanders
Mason Rudolph,QB,Steelers
Matt Barkley,QB,FA
Matt Corral,QB,FA
Matthew Stafford,QB,Rams
Max Duggan,QB,FA
Michael Penix Jr.,QB,Falcons
Michael Pratt,QB,FA
Mike White,QB,FA
Mitchell Trubisky,QB,Bills
Nathan Peterman,QB,FA
Nathan Rourke,QB,FA
Nick Mullens,QB,Jaguars
PJ Walker,QB,FA
Patrick Mahomes,QB,Chiefs
Quinn Ewers,QB,Dolphins
Riley Leonard,QB,Colts
Russell Wilson,QB,Giants
Ryan Griffin,QB,FA
Ryan Tannehill,QB,FA
Sam Darnold,QB,Seahawks
Sam Ehlinger,QB,Broncos
Sam Howell,QB,Eagles
Sean Clifford,QB,FA
Shane Buechele,QB,FA
Shedeur Sanders,QB,Browns
Skylar Thompson,QB,Steelers
Spencer Rattler,QB,Saints
Stetson Bennett IV,QB,Rams
Tanner McKee,QB,Eagles
Taylor Heinicke,QB,FA
Teddy Bridgewater,QB,Buccaneers
Tim Boyle,QB,FA
Tommy DeVito,QB,Patriots
Trevor Lawrence,QB,Jaguars
Trevor Siemian,QB,FA
Trey Lance,QB,Chargers
Tua Tagovailoa,QB,Dolphins
Tyler Huntley,QB,FA
Tyler Shough,QB,Saints
Tyrod Taylor,QB,Jets
Tyson Bagent,QB,Bears
Will Howard,QB,Steelers
Will Levis,QB,Titans
Zach Wilson,QB,Dolphins
AJ Dillon,RB,Eagles
Aaron Jones Sr.,RB,Vikings
Aaron Shampklin,RB,FA
Abram Smith,RB,FA
Adam Prentice,RB,Broncos
Alec Ingold,RB,Dolphins
Alex Armah,RB,FA
Alexander Mattison,RB,Dolphins
Alvin Kamara,RB,Saints
Ameer Abdullah,RB,FA
Andrew Beck,RB,Jets
Anthony McFarland Jr.,RB,FA
Antonio Gibson,RB,Patriots
Ashton Jeanty,RB,Raiders
Audric Estime,RB,FA
Austin Ekeler,RB,Commanders
Avery Williams,RB,FA
Bam Knight,RB,Cardinals
Ben Mason,RB,FA
Ben VanSumeren,RB,Eagles
Bhayshul Tuten,RB,Jaguars
Bijan Robinson,RB,Falcons
Blake Corum,RB,Rams
Blake Watson,RB,FA
Boston Scott,RB,FA
Brady Russell,RB,Seahawks
Braelon Allen,RB,Jets
Brandon Bolden,RB,FA
Brashard Smith,RB,Chiefs
Breece Hall,RB,Jets
Brian Robinson Jr.,RB,49ers
British Brooks,RB,Texans
Brittain Brown,RB,FA
Bucky Irving,RB,Buccaneers
C.J. Ham,RB,Vikings
Cam Akers,RB,FA
Cam Skattebo,RB,Giants
Carlos Washington Jr.,RB,Falcons
Carson Steele,RB,FA
Chase Brown,RB,Bengals
Chase Edmonds,RB,FA
Chris Brooks,RB,Packers
Chris Collier,RB,FA
Chris Evans,RB,FA
Chris Rodriguez Jr.,RB,Commanders
Christian McCaffrey,RB,49ers
Chuba Hubbard,RB,Panthers
Clyde Edwards-Helaire,RB,FA
Cody Schrader,RB,Jaguars
Cordarrelle Patterson,RB,FA
Corey Clement,RB,FA
Corey Kiner,RB,FA
Craig Reynolds,RB,Lions
D'Andre Swift,RB,Bears
D'Ernest Johnson,RB,FA
D'Onta Foreman,RB,FA
D'vonte Price,RB,FA
D.J. Williams,RB,FA
DJ Giddens,RB,Colts
Dalvin Cook,RB,FA
Dameon Pierce,RB,Texans
Damien Harris,RB,Bills
Damien Martinez,RB,Seahawks
Damien Williams,RB,FA
Dante Miller,RB,FA
Dare Ogunbowale,RB,Texans
Darrell Henderson Jr.,RB,FA
Darrynton Evans,RB,FA
David Montgomery,RB,Lions
De'Von Achane,RB,Dolphins
DeWayne McBride,RB,FA
DeeJay Dallas,RB,FA
Demetric Felton,RB,FA
Deneric Prince,RB,Patriots
Deon Jackson,RB,FA
Derrick Gore,RB,FA
Derrick Henry,RB,Ravens
Deuce Vaughn,RB,FA
Devin Neal,RB,Saints
Devin Singletary,RB,Giants
Devine Ozigbo,RB,FA
Donovan Edwards,RB,FA
Dwayne Washington,RB,FA
Dylan Laube,RB,Raiders
Dylan Sampson,RB,Browns
Elijah Dotson,RB,FA
Elijah Mitchell,RB,Chiefs
Ellis Merriweather,RB,FA
Emanuel Wilson,RB,Packers
Emari Demercado,RB,Cardinals
Eric Gray,RB,Giants
Evan Hull,RB,FA
Ezekiel Elliott,RB,FA
Frank Gore Jr.,RB,FA
Gary Brightwell,RB,FA
George Holani,RB,Seahawks
Godwin Igwebuike,RB,FA
Gus Edwards,RB,FA
Hassan Haskins,RB,Chargers
Hunter Luepke,RB,Cowboys
Isaac Guerendo,RB,49ers
Isaiah Davis,RB,Jets
Isaiah Spiller,RB,FA
Isiah Pacheco,RB,Chiefs
Israel Abanikanda,RB,FA
J.J. Taylor,RB,FA
J.K. Dobbins,RB,Broncos
J.P. Holtz,RB,FA
JaMycal Hasty,RB,FA
Jacob Kibodi,RB,FA
Jacob Saylors,RB,Lions
Jacory Croskey-Merritt,RB,Commanders
Jahmyr Gibbs,RB,Lions
Jake Funk,RB,FA
Jakob Johnson,RB,Texans
Jaleel McLaughlin,RB,Broncos
Jamaal Williams,RB,FA
James Conner,RB,Cardinals
James Cook,RB,Bills
James Robinson,RB,FA
Jaret Patterson,RB,FA
Jarquez Hunter,RB,Rams
Jase McClellan,RB,FA
Jashaun Corbin,RB,FA
Jason Cabinda,RB,FA
Javonte Williams,RB,Cowboys
Jawhar Jordan,RB,FA
Jaydon Blue,RB,Cowboys
Jaylen Warren,RB,Steelers
Jaylen Wright,RB,Dolphins
Jeff Wilson Jr.,RB,Dolphins
Jeremy McNichols,RB,Commanders
Jerick McKinnon,RB,FA
Jermar Jefferson,RB,FA
Jerome Ford,RB,Browns
Joe Mixon,RB,Texans
John Kelly Jr.,RB,FA
Jonathan Taylor,RB,Colts
Jonathan Ward,RB,FA
Jonathan Williams,RB,FA
Jonathon Brooks,RB,Panthers
Jordan James,RB,49ers
Jordan Mason,RB,Vikings
Jordan Mims,RB,FA
Josh Jacobs,RB,Packers
Josh Johnson,RB,FA
Josh Williams,RB,Buccaneers
Joshua Kelley,RB,FA
Julius Chestnut,RB,Titans
Justice Hill,RB,Ravens
Kaleb Johnson,RB,Steelers
Kalel Mullings,RB,Titans
Kareem Hunt,RB,Chiefs
Ke'Shawn Vaughn,RB,FA
Keaontay Ingram,RB,Chiefs
Keaton Mitchell,RB,Ravens
Keilan Robinson,RB,FA
Keith Smith,RB,FA
Kendall Milton,RB,FA
Kendre Miller,RB,Saints
Kene Nwangwu,RB,Jets
Kenneth Gainwell,RB,Steelers
Kenneth Walker III,RB,Seahawks
Kenny McIntosh,RB,Seahawks
Kenyan Drake,RB,FA
Kevin Harris,RB,FA
Khalil Herbert,RB,FA
Khari Blasingame,RB,FA
Kimani Vidal,RB,FA
Kirk Merritt,RB,FA
Kyle Juszczyk,RB,49ers
Kyle Monangai,RB,Bears
Kyren Williams,RB,Rams
La'Mical Perine,RB,FA
Lan Larison,RB,Patriots
Latavius Murray,RB,FA
LeQuint Allen Jr.,RB,Jaguars
Leonard Fournette,RB,FA
Lew Nichols,RB,FA
Louis Rees-Zammit,RB,FA
Malik Davis,RB,FA
MarShawn Lloyd,RB,Packers
Mataeo Durant,RB,FA
Matt Breida,RB,FA
Melvin Gordon III,RB,FA
Michael Burton,RB,Broncos
Michael Carter,RB,FA
Michael Wiley,RB,FA
Mike Boone,RB,FA
Miles Sanders,RB,Cowboys
Mohamed Ibrahim,RB,FA
Myles Gaskin,RB,FA
Najee Harris,RB,Chargers
Nathan Carter,RB,Falcons
Nick Bawden,RB,FA
Nick Chubb,RB,Texans
Nyheim Miller-Hines,RB,FA
Ollie Gordon II,RB,Dolphins
Omarion Hampton,RB,Chargers
Owen Wright,RB,FA
Patrick Ricard,RB,Ravens
Patrick Taylor Jr.,RB,49ers
Phil Mafah,RB,Cowboys
Pierre Strong Jr.,RB,FA
Qadree Ollison,RB,FA
Quinshon Judkins,RB,Browns
RJ Harvey,RB,Broncos
Rachaad White,RB,Buccaneers
Raheem Blackshear,RB,FA
Raheem Mostert,RB,Raiders
Raheim Sanders,RB,Browns
Rashaad Penny,RB,FA
Rasheen Ali,RB,Ravens
Ray Davis,RB,Bills
Reggie Gilliam,RB,Bills
Rhamondre Stevenson,RB,Patriots
Rico Dowdle,RB,Panthers
Robbie Ouzts,RB,Seahawks
Ronnie Rivers,RB,FA
Roschon Johnson,RB,Bears
Royce Freeman,RB,FA
SaRodorick Thompson Jr.,RB,FA
Salvon Ahmed,RB,Colts
Samaje Perine,RB,Bengals
Saquon Barkley,RB,Eagles
Scott Matlock,RB,Chargers
Sean Tucker,RB,Buccaneers
Sincere McCormick,RB,FA
Sione Vaki,RB,Lions
Snoop Conner,RB,FA
Tahj Brooks,RB,Bengals
Taiwan Jones,RB,FA
Tank Bigsby,RB,Eagles
Terrell Jennings,RB,FA
Tony Jones Jr.,RB,FA
Tony Pollard,RB,Titans
Travis Etienne Jr.,RB,Jaguars
Travis Homer,RB,Bears
Trayveon Williams,RB,FA
TreVeyon Henderson,RB,Patriots
Trestan Ebner,RB,FA
Trevor Etienne,RB,Panthers
Trey Benson,RB,Cardinals
Trey Sermon,RB,FA
Troy Hairston,RB,FA
Ty Chandler,RB,Vikings
Ty Johnson,RB,Bills
Ty Montgomery II,RB,FA
Tyjae Spears,RB,Titans
Tyler Allgeier,RB,Falcons
Tyler Badie,RB,Broncos
Tyler Goodson,RB,Colts
Tyrion Davis-Price,RB,FA
Tyrone Tracy Jr.,RB,Giants
Ulysses Bentley IV,RB,Colts
Velus Jones Jr.,RB,Saints
Will Shipley,RB,Eagles
Woody Marks,RB,Texans
Xazavian Valladay,RB,FA
Zach Charbonnet,RB,Seahawks
Zach Evans,RB,FA
Zack Moss,RB,FA
Zamir White,RB,Raiders
Zander Horvath,RB,FA
AJ Barner,TE,Seahawks
Adam Trautman,TE,Broncos
Albert Okwuegbunam,TE,FA
Anthony Firkser,TE,FA
Armani Rogers,TE,FA
Austin Hooper,TE,Patriots
Baylor Cupp,TE,FA
Ben Sims,TE,Packers
Ben Sinnott,TE,Commanders
Ben Yurosek,TE,Vikings
Blake Bell,TE,FA
Blake Whiteheart,TE,Browns
Brayden Willis,TE,FA
Brenden Bates,TE,FA
Brenton Strange,TE,Jaguars
Brevin Jordan,TE,Texans
Brevyn Spann-Ford,TE,Cowboys
Brock Bowers,TE,Raiders
Brock Wright,TE,Lions
Brycen Hopkins,TE,FA
C.J. Uzomah,TE,FA
Cade Otton,TE,Buccaneers
Cade Stover,TE,Texans
Caleb Lohner,TE,FA
Cam Grandy,TE,Bengals
Cameron Latu,TE,FA
Charlie Kolar,TE,Ravens
Charlie Woerner,TE,Falcons
Chase Allen,TE,FA
Chig Okonkwo,TE,Titans
Chris Manhertz,TE,Giants
Colby Parkinson,TE,Rams
Cole Fotheringham,TE,FA
Cole Kmet,TE,Bears
Cole Turner,TE,FA
Colson Yankoff,TE,Commanders
Colston Loveland,TE,Bears
Connor Heyward,TE,Steelers
Curtis Hodges,TE,FA
Dallas Goedert,TE,Eagles
Dallin Holker,TE,FA
Dalton Keene,TE,FA
Dalton Kincaid,TE,Bills
Dalton Schultz,TE,Texans
Daniel Bellinger,TE,Giants
Darnell Washington,TE,Steelers
Darrell Daniels,TE,FA
Darren Waller,TE,Dolphins
David Martin-Robinson,TE,Titans
David Njoku,TE,Browns
David Wells,TE,FA
Davis Allen,TE,Rams
Dawson Knox,TE,Bills
Devin Culp,TE,Buccaneers
Dominique Dafney,TE,FA
Donald Parham Jr.,TE,Steelers
Drew Ogletree,TE,Colts
Drew Sample,TE,Bengals
Durham Smythe,TE,Bears
E.J. Jenkins,TE,FA
Elijah Arroyo,TE,Seahawks
Elijah Higgins,TE,Cardinals
Eric Saubert,TE,Seahawks
Eric Tomlinson,TE,FA
Erick All Jr.,TE,Bengals
Evan Engram,TE,Broncos
Feleipe Franks,TE,Falcons
Foster Moreau,TE,Saints
Gavin Bartholomew,TE,Vikings
Geoff Swaim,TE,FA
George Kittle,TE,49ers
Gerald Everett,TE,FA
Giovanni Ricci,TE,FA
Grant Calcaterra,TE,Eagles
Greg Dulcich,TE,FA
Gunnar Helm,TE,Titans
Harold Fannin Jr.,TE,Browns
Harrison Bryant,TE,FA
Hayden Hurst,TE,FA
Henry Pearson,TE,FA
Hunter Henry,TE,Patriots
Hunter Kampmoyer,TE,FA
Hunter Long,TE,Jaguars
Ian Thomas,TE,Raiders
Irv Smith Jr.,TE,Texans
Isaiah Likely,TE,Ravens
Ja'Tavion Sanders,TE,Panthers
Jack Stoll,TE,Saints
Jack Westover,TE,Patriots
Jackson Hawes,TE,Bills
Jaheim Bell,TE,FA
Jake Ferguson,TE,Cowboys
Jake Tonges,TE,49ers
Jalen Wydermyer,TE,FA
James Mitchell,TE,Panthers
Jared Wiley,TE,Chiefs
Jelani Woods,TE,Jets
Jeremy Ruckert,TE,Jets
Jesper Horsted,TE,FA
Jimmy Graham,TE,FA
Jody Fortson,TE,FA
John Bates,TE,Commanders
John FitzPatrick,TE,Packers
John Samuel Shenker,TE,FA
John Stephens Jr.,TE,Cowboys
Johnny Mundt,TE,Jaguars
Jonnu Smith,TE,Steelers
Jordan Akins,TE,FA
Jordan Matthews,TE,FA
Josh Oliver,TE,Vikings
Josh Pederson,TE,FA
Josh Whyle,TE,FA
Josiah Deguara,TE,FA
Julian Hill,TE,Dolphins
Justin Shorter,TE,Raiders
Juwan Johnson,TE,Saints
Kenny Yeboah,TE,Lions
Kevin Rader,TE,FA
Ko Kieft,TE,Buccaneers
Kyle Pitts Sr.,TE,Falcons
Kylen Granson,TE,Eagles
Lawrence Cager,TE,FA
Logan Thomas,TE,FA
Lucas Krull,TE,Broncos
Luke Farrell,TE,49ers
Luke Lachey,TE,FA
Luke Musgrave,TE,Packers
Luke Schoonmaker,TE,Cowboys
Marcedes Lewis,TE,FA
Mark Andrews,TE,Ravens
Mason Taylor,TE,Jets
Matt Bushman,TE,Chiefs
Matt Sokol,TE,FA
Michael Mayer,TE,Raiders
Mike Gesicki,TE,Bengals
Mitchell Evans,TE,Panthers
Mitchell Wilcox,TE,FA
Mo Alie-Cox,TE,Colts
Moliki Matavao,TE,Saints
MyCole Pruitt,TE,FA
N'Keal Harry,TE,FA
Nate Adkins,TE,Broncos
Nick Muse,TE,FA
Nick Vannett,TE,FA
Nikola Kalinic,TE,FA
Noah Fant,TE,Bengals
Noah Gray,TE,Chiefs
Noah Togiai,TE,FA
Oronde Gadsden II,TE,Chargers
Parker Hesse,TE,FA
Pat Freiermuth,TE,Steelers
Payne Durham,TE,Buccaneers
Peyton Hendershot,TE,FA
Pharaoh Brown,TE,FA
Princeton Fant,TE,FA
Quintin Morris,TE,FA
Robert Tonyan,TE,Chiefs
Rodney Williams,TE,FA
Roger Carter Jr.,TE,FA
Ross Dwelley,TE,FA
Sam LaPorta,TE,Lions
Sean McKeon,TE,FA
Shane Zylstra,TE,Lions
Stephen Anderson,TE,FA
Stephen Carlson,TE,FA
Stephen Sullivan,TE,FA
Stone Smartt,TE,Jets
T.J. Hockenson,TE,Vikings
Tanner Conner,TE,Dolphins
Tanner Hudson,TE,Bengals
Tanner McLachlan,TE,FA
Taysom Hill,TE,Saints
Teagan Quitoriano,TE,Falcons
Terrance Ferguson,TE,Rams
Theo Johnson,TE,Giants
Thomas Fidone II,TE,Giants
Thomas Odukoya,TE,FA
Tip Reiman,TE,Cardinals
Tommy Tremble,TE,Panthers
Travis Kelce,TE,Chiefs
Travis Vokolek,TE,Cardinals
Tre' McKitty,TE,FA
Trevon Wesco,TE,FA
Trey McBride,TE,Cardinals
Tucker Fisk,TE,Chargers
Tucker Kraft,TE,Packers
Tyler Conklin,TE,Chargers
Tyler Davis,TE,FA
Tyler Higbee,TE,Rams
Tyler Kroft,TE,FA
Tyler Mabry,TE,FA
Tyler Warren,TE,Colts
Tyree Jackson,TE,Commanders
Will Dissly,TE,Chargers
Will Mallory,TE,Colts
Zach Davidson,TE,FA
Zach Ertz,TE,Commanders
Zach Gentry,TE,FA
Zack Kuntz,TE,FA
Zaire Mitchell-Paden,TE,Ravens
A.J. Brown,WR,Eagles
A.T. Perry,WR,FA
Adam Thielen,WR,Vikings
Adonai Mitchell,WR,Colts
Ainias Smith,WR,FA
Alec Pierce,WR,Colts
Alex Bachman,WR,Raiders
Alex Erickson,WR,FA
Allen Lazard,WR,Jets
Allen Robinson,WR,FA
Amari Cooper,WR,Raiders
Amari Rodgers,WR,FA
Amon-Ra St. Brown,WR,Lions
Andre Baccellia,WR,FA
Andrei Iosivas,WR,Bengals
Andy Isabella,WR,FA
Anthony Gould,WR,Colts
Anthony Miller,WR,FA
Anthony Schwartz,WR,FA
Antoine Green,WR,FA
Arian Smith,WR,Jets
Ashton Dulin,WR,Colts
Austin Trammell,WR,FA
Beaux Collins,WR,Giants
Ben Skowronek,WR,Steelers
Brandin Cooks,WR,Saints
Brandon Aiyuk,WR,49ers
Brandon Johnson,WR,FA
Brandon Powell,WR,FA
Brandon Smith,WR,FA
Braxton Berrios,WR,Texans
Braylon Sanders,WR,FA
Brenden Rice,WR,FA
Brian Thomas Jr.,WR,Jaguars
Britain Covey,WR,FA
Bryce Ford-Wheaton,WR,Giants
Bryce Oliver,WR,Titans
Brycen Tremayne,WR,Panthers
Bub Means,WR,Saints
Byron Pringle,WR,FA
Calvin Austin III,WR,Steelers
Calvin Ridley,WR,Titans
Casey Washington,WR,Falcons
Cedric Tillman,WR,Browns
Cedrick Wilson Jr.,WR,FA
CeeDee Lamb,WR,Cowboys
Chandler Brayboy,WR,FA
Charlie Jones,WR,Bengals
Chase Claypool,WR,FA
Chase Cota,WR,FA
Chimere Dike,WR,Titans
Chris Blair,WR,FA
Chris Conley,WR,FA
Chris Godwin Jr.,WR,Buccaneers
Chris Moore,WR,Commanders
Chris Olave,WR,Saints
Christian Kirk,WR,Texans
Christian Watson,WR,Packers
Cody Thompson,WR,FA
Cody White,WR,Seahawks
Collin Johnson,WR,FA
Colton Dowell,WR,FA
Cooper Kupp,WR,Seahawks
Cornelius Johnson,WR,FA
Courtland Sutton,WR,Broncos
Curtis Samuel,WR,Bills
D.J. Montgomery,WR,Colts
DJ Chark,WR,FA
DJ Moore,WR,Bears
DJ Turner,WR,FA
DK Metcalf,WR,Steelers
Damiere Byrd,WR,FA
Dan Chisena,WR,FA
Danny Gray,WR,FA
Dante Pettis,WR,FA
Dareke Young,WR,Seahawks
Darius Cooper,WR,Eagles
Darius Slayton,WR,Giants
Darnell Mooney,WR,Falcons
Davante Adams,WR,Rams
David Bell,WR,Browns
David Moore,WR,Panthers
David Sills V,WR,Falcons
Dax Milne,WR,FA
Daylen Baldwin,WR,FA
DeAndre Carter,WR,Browns
DeAndre Hopkins,WR,Ravens
DeMario Douglas,WR,Patriots
DeVante Parker,WR,Eagles
DeVonta Smith,WR,Eagles
Dee Eskridge,WR,Dolphins
Deebo Samuel,WR,Commanders
Demarcus Robinson,WR,49ers
Dennis Houston,WR,FA
Deonte Harty,WR,FA
Derius Davis,WR,Chargers
Devaughn Vele,WR,Saints
Deven Thompkins,WR,FA
Devin Duvernay,WR,Bears
Devon Allen,WR,FA
Devontez Walker,WR,Ravens
Dez Fitzpatrick,WR,FA
Diontae Johnson,WR,FA
Dominic Lovett,WR,Lions
Donovan Peoples-Jones,WR,FA
Dont'e Thornton Jr.,WR,Raiders
Dontayvion Wicks,WR,Packers
Drake London,WR,Falcons
Dyami Brown,WR,Jaguars
Dylan Drummond,WR,FA
Easop Winston Jr.,WR,FA
Efton Chism III,WR,Patriots
Elic Ayomanor,WR,Titans
Elijah Cooks,WR,FA
Elijah Moore,WR,Bills
Emeka Egbuka,WR,Buccaneers
Equanimeous St. Brown,WR,FA
Erik Ezukanma,WR,FA
Ethan Fernea,WR,FA
Frank Darby,WR,FA
Gabe Davis,WR,Bills
Gage Larvadain,WR,Browns
Garrett Wilson,WR,Jets
George Pickens,WR,Cowboys
Grant DuBose,WR,FA
Greg Dortch,WR,Cardinals
Gunner Olszewski,WR,Giants
Hollywood Brown,WR,Chiefs
Hunter Renfrow,WR,Panthers
Ihmir Smith-Marsette,WR,FA
Irvin Charles,WR,Jets
Isaac TeSlaa,WR,Lions
Isaiah Bond,WR,Browns
Isaiah Hodgins,WR,FA
Isaiah McKenzie,WR,FA
Isaiah Neyor,WR,FA
Isaiah Williams,WR,FA
Ja'Corey Brooks,WR,FA
Ja'Lynn Polk,WR,Patriots
Ja'Marr Chase,WR,Bengals
Jack Bech,WR,Raiders
Jacob Cowing,WR,49ers
Jacob Harris,WR,FA
Jaelon Darden,WR,FA
Jahan Dotson,WR,Eagles
Jahdae Walker,WR,Bears
Jake Bobo,WR,Seahawks
Jakobi Meyers,WR,Raiders
Jalen Brooks,WR,FA
Jalen Coker,WR,Panthers
Jalen Cropper,WR,FA
Jalen Guyton,WR,FA
Jalen McMillan,WR,Buccaneers
Jalen Nailor,WR,Vikings
Jalen Reagor,WR,FA
Jalen Royals,WR,Chiefs
Jalen Tolbert,WR,Cowboys
Jalen Virgil,WR,FA
Jalin Hyatt,WR,Giants
Jamal Agnew,WR,Falcons
Jamari Thrash,WR,Browns
James Proche II,WR,FA
Jameson Williams,WR,Lions
Jamison Crowder,WR,FA
Jared Bernhardt,WR,FA
Jared Wayne,WR,FA
Jason Brownlee,WR,Chiefs
Jauan Jennings,WR,49ers
Javon Baker,WR,FA
Jaxon Smith-Njigba,WR,Seahawks
Jayden Higgins,WR,Texans
Jayden Reed,WR,Packers
Jaylen Johnson,WR,FA
Jaylen Waddle,WR,Dolphins
Jaylin Lane,WR,Commanders
Jaylin Noel,WR,Texans
Jermaine Burton,WR,Bengals
Jermaine Jackson,WR,FA
Jerry Jeudy,WR,Browns
Jha'Quan Jackson,WR,FA
Jimmy Horn Jr.,WR,Panthers
John Metchie III,WR,Eagles
John Ross,WR,FA
Johnny Johnson III,WR,FA
Johnny Wilson,WR,Eagles
Jonathan Mingo,WR,Cowboys
Jordan Addison,WR,Vikings
Jordan Watkins,WR,49ers
Jordan Whittington,WR,Rams
Joseph Ngata,WR,FA
Josh Ali,WR,FA
Josh Downs,WR,Colts
Josh Reynolds,WR,Jets
Joshua Cephus,WR,Jaguars
Joshua Palmer,WR,Bills
JuJu Smith-Schuster,WR,Chiefs
Julio Jones,WR,FA
Junior Bergen,WR,FA
Justin Jefferson,WR,Vikings
Justin Watson,WR,Texans
Justyn Ross,WR,FA
Juwann Winfree,WR,FA
K.J. Osborn,WR,FA
KJ Hamler,WR,FA
KaVontae Turpin,WR,Cowboys
Kadarius Toney,WR,FA
Kaden Davis,WR,FA
Kaden Prather,WR,FA
Kalif Raymond,WR,Lions
Kameron Johnson,WR,Buccaneers
Kaylon Geiger,WR,FA
Kayshon Boutte,WR,Patriots
KeAndre Lambert-Smith,WR,Chargers
Kearis Jackson,WR,FA
Keelan Doss,WR,FA
Keenan Allen,WR,Chargers
Keith Kirkwood,WR,FA
Kendric Pryor,WR,FA
Kendrick Bourne,WR,49ers
Keon Coleman,WR,Bills
Kevin Austin Jr.,WR,FA
KhaDarel Hodge,WR,Falcons
Khalil Shakir,WR,Bills
Konata Mumpfield,WR,Rams
Kristian Wilkerson,WR,FA
Kwamie Lassiter II,WR,FA
Kyle Philips,WR,FA
Kyle Williams,WR,Patriots
Kyric McGowan,WR,FA
LaJohntay Wester,WR,Ravens
Ladd McConkey,WR,Chargers
Lance McCutcheon,WR,FA
Laquon Treadwell,WR,FA
Laviska Shenault Jr.,WR,FA
Lil'Jordan Humphrey,WR,FA
Lucky Jackson,WR,FA
Luke McCaffrey,WR,Commanders
Luther Burden III,WR,Bears
Lynn Bowden Jr.,WR,FA
Mack Hollins,WR,Patriots
Malachi Corley,WR,FA
Malik Cunningham,WR,FA
Malik Heath,WR,Packers
Malik Nabers,WR,Giants
Malik Taylor,WR,FA
Malik Washington,WR,Dolphins
Marquez Callaway,WR,FA
Marquez Valdes-Scantling,WR,49ers
Marquise Goodwin,WR,FA
Marvin Harrison Jr.,WR,Cardinals
Marvin Jones Jr.,WR,FA
Marvin Mims Jr.,WR,Broncos
Mason Kinsey,WR,FA
Mason Tipton,WR,Saints
Matthew Golden,WR,Packers
Matthew Slater,WR,Patriots
Maurice Alexander,WR,FA
Mecole Hardman,WR,FA
Michael Bandy,WR,FA
Michael Gallup,WR,FA
Michael Pittman Jr.,WR,Colts
Michael Strachan,WR,FA
Michael Thomas,WR,FA
Michael Wilson,WR,Cardinals
Michael Woods II,WR,FA
Mike Evans,WR,Buccaneers
Mike Williams,WR,Chargers
Miles Boykin,WR,FA
Mitchell Tinsley,WR,Bengals
Montrell Washington,WR,FA
Myles Price,WR,Vikings
Nelson Agholor,WR,FA
Nick Nash,WR,FA
Nick Westbrook-Ikhine,WR,Dolphins
Nico Collins,WR,Texans
Nikko Remigio,WR,Chiefs
Noah Brown,WR,Commanders
Nsimba Webster,WR,FA
Odell Beckham Jr.,WR,FA
Olamide Zaccheaus,WR,Bears
Parker Washington,WR,Jaguars
Parris Campbell,WR,FA
Pat Bryant,WR,Broncos
Phillip Dorsett,WR,FA
Puka Nacua,WR,Rams
Quentin Johnston,WR,Chargers
Quez Watkins,WR,FA
Quintez Cephus,WR,FA
Rakim Jarrett,WR,FA
Raleigh Webb,WR,FA
Ramel Keyton,WR,FA
Randall Cobb,WR,FA
Rashee Rice,WR,Chiefs
Rashid Shaheed,WR,Saints
Rashod Bateman,WR,Ravens
Ray-Ray McCloud III,WR,Falcons
Richie James,WR,FA
Ricky Pearsall,WR,49ers
Ricky White III,WR,FA
River Cracraft,WR,FA
Robbie Chosen,WR,FA
Robert Woods,WR,FA
Roman Wilson,WR,Steelers
Rome Odunze,WR,Bears
Romeo Doubs,WR,Packers
Rondale Moore,WR,Vikings
Ronnie Bell,WR,FA
Russell Gage Jr.,WR,49ers
Ryan Flournoy,WR,Cowboys
Ryan Miller,WR,Buccaneers
Samori Toure,WR,FA
Savion Williams,WR,Packers
Scotty Miller,WR,Steelers
Seth Williams,WR,FA
Shedrick Jackson,WR,FA
Simi Fehoko,WR,FA
Skyy Moore,WR,49ers
Stanley Berryhill,WR,FA
Stanley Morgan Jr.,WR,FA
Stefon Diggs,WR,Patriots
Sterling Shepard,WR,Buccaneers
Steven Sims,WR,FA
Tahj Washington,WR,Dolphins
Tai Felton,WR,Vikings
Tank Dell,WR,Texans
Tarik Black,WR,FA
Tay Martin,WR,FA
Tee Higgins,WR,Bengals
Tejhaun Palmer,WR,FA
Terrace Marshall Jr.,WR,FA
Terrell Bynum,WR,FA
Terry McLaurin,WR,Commanders
Tetairoa McMillan,WR,Panthers
Tez Johnson,WR,Buccaneers
Theo Wease Jr.,WR,FA
Tim Jones,WR,Vikings
Tim Patrick,WR,Jaguars
Tom Kennedy,WR,FA
Tommy Mellott,WR,FA
Tony Brown,WR,FA
Tory Horton,WR,Seahawks
Travis Hunter,WR,Jaguars
Tre Tucker,WR,Raiders
Tre' Harris,WR,Chargers
Tre'Quan Smith,WR,FA
Trent Sherfield Sr.,WR,Broncos
Trent Taylor,WR,49ers
Trenton Irwin,WR,FA
Trey Palmer,WR,Saints
Treylon Burks,WR,Titans
Trishton Jackson,WR,Cardinals
Troy Franklin,WR,Broncos
Tutu Atwell,WR,Rams
Tylan Wallace,WR,Ravens
Tyler Boyd,WR,FA
Tyler Johnson,WR,Jets
Tyler Lockett,WR,Titans
Tyler Scott,WR,FA
Tyquan Thornton,WR,Chiefs
Tyreek Hill,WR,Dolphins
Tyreik McAllister,WR,FA
Tyrell Shavers,WR,Bills
Van Jefferson,WR,Titans
Wan'Dale Robinson,WR,Giants
Willie Snead IV,WR,FA
Xavier Gipson,WR,Jets
Xavier Hutchinson,WR,Texans
Xavier Legette,WR,Panthers
Xavier Restrepo,WR,FA
Xavier Smith,WR,Rams
Xavier Weaver,WR,Cardinals
Xavier Worthy,WR,Chiefs
Zach Pascal,WR,FA
Zay Flowers,WR,Ravens
Zay Jones,WR,Cardinals
